parent_post_id,conversation_type,subtree_id,subtree_root_author,subtree_root_depth,subtree_max_depth,subtree_depth_span,subtree_root_score,subtree_root_timestamp,total_comments,total_words,total_characters,avg_words_per_comment,median_words_per_comment,std_words_per_comment,min_words_per_comment,max_words_per_comment,avg_word_length_overall,max_normalized_depth_reached,max_original_depth_reached,norm_comments_at_depth_0,norm_comments_at_depth_1,norm_comments_at_depth_2,norm_comments_at_depth_3,norm_comments_at_depth_4,orig_comments_at_depth_0,orig_comments_at_depth_1,orig_comments_at_depth_2,orig_comments_at_depth_3,orig_comments_at_depth_4,norm_avg_words_depth_0,norm_avg_words_depth_1,norm_avg_words_depth_2,norm_avg_words_depth_3,norm_avg_words_depth_4,orig_avg_words_depth_0,orig_avg_words_depth_1,orig_avg_words_depth_2,orig_avg_words_depth_3,orig_avg_words_depth_4,depth_cap_applied,max_depth_analyzed
post10hb,richly branching,deepest_subtree_gut-brain-axis_level4,gut-brain-axis,0,4,4,68,2023-11-30 16:00:20,12,365,1953,30.42,21.5,32.81,2,129,4.65,4,4,1,3,5,2,1,1,3,5,2,1,33.0,56.0,19.0,9.5,50.0,33.0,56.0,19.0,9.5,50.0,Yes,4
post10lb,poorly branching,deepest_subtree_surrealutensil_level4,surrealutensil,0,3,3,-4,2025-03-12 17:38:40,5,533,3081,106.6,132.0,49.89,36,164,4.63,3,3,1,1,1,2,0,1,1,1,2,0,59.0,132.0,142.0,100.0,0,59.0,132.0,142.0,100.0,0,Yes,4
post11lb,poorly branching,deepest_subtree_BlueHym_level4,BlueHym,0,4,4,39,2025-04-07 00:42:18,17,1997,11508,117.47,101.0,89.1,17,313,4.54,4,4,1,2,4,6,4,1,2,4,6,4,60.0,193.5,97.75,166.83,39.5,60.0,193.5,97.75,166.83,39.5,Yes,4
post12hb,richly branching,deepest_subtree_KeptinGL6_level4,KeptinGL6,0,4,4,50,2024-06-01 08:27:13,14,193,1087,13.79,15.0,10.48,0,34,4.25,4,4,1,6,3,3,1,1,6,3,3,1,21.0,19.67,7.0,10.0,3.0,21.0,19.67,7.0,10.0,3.0,Yes,4
post12lb,poorly branching,deepest_subtree_WonderfulVegetables_level4,WonderfulVegetables,0,3,3,4,2025-03-08 03:18:23,4,507,2936,126.75,111.5,42.11,87,197,4.72,3,3,1,1,1,1,0,1,1,1,1,0,119.0,104.0,197.0,87.0,0,119.0,104.0,197.0,87.0,0,Yes,4
post13hb,richly branching,deepest_subtree_coyote-1_level4,coyote-1,0,4,4,135,2022-11-21 08:56:26,46,2748,15756,59.74,29.5,88.0,4,534,4.73,4,4,1,8,11,15,11,1,8,11,15,11,172.0,78.62,45.64,68.27,38.27,172.0,78.62,45.64,68.27,38.27,Yes,4
post13lb,poorly branching,deepest_subtree_nottakenusername2027_level4,nottakenusername2027,0,4,4,10,2024-02-07 19:12:16,5,124,588,24.8,17.0,19.04,6,59,3.64,4,4,1,1,1,1,1,1,1,1,1,1,59.0,17.0,11.0,31.0,6.0,59.0,17.0,11.0,31.0,6.0,Yes,4
post14hb,richly branching,deepest_subtree_Objective-Advisor1_level4,Objective-Advisor1,0,4,4,475,2025-01-14 00:36:33,27,1657,9126,61.37,57.0,40.18,8,192,4.32,4,4,1,7,9,6,4,1,7,9,6,4,108.0,42.0,68.33,73.67,49.5,108.0,42.0,68.33,73.67,49.5,Yes,4
post14lb,poorly branching,deepest_subtree_Deleted_level4,Deleted,0,4,4,1,2024-01-07 13:09:09,6,162,832,27.0,16.5,25.13,1,77,4.41,4,4,1,2,1,1,1,1,2,1,1,1,1.0,25.5,13.0,77.0,20.0,1.0,25.5,13.0,77.0,20.0,Yes,4
post15hb,richly branching,deepest_subtree_KaleidoscopeNormal71_level4,KaleidoscopeNormal71,0,4,4,35,2023-12-24 14:40:24,24,1112,6432,46.33,35.0,40.81,5,181,4.72,4,4,1,6,7,4,6,1,6,7,4,6,32.0,26.83,53.29,28.75,71.83,32.0,26.83,53.29,28.75,71.83,Yes,4
post16hb,richly branching,deepest_subtree_norby2_level4,norby2,0,4,4,26,2025-03-02 17:11:53,11,1054,5878,95.82,52.0,127.27,11,464,4.53,4,4,1,2,5,1,2,1,2,5,1,2,14.0,86.0,43.2,29.0,311.5,14.0,86.0,43.2,29.0,311.5,Yes,4
post16lb,poorly branching,deepest_subtree_domestic_omnom_level4,domestic_omnom,0,2,2,17,2023-05-29 21:34:38,3,132,737,44.0,44.0,13.06,28,60,4.55,2,2,1,1,1,0,0,1,1,1,0,0,44.0,60.0,28.0,0,0,44.0,60.0,28.0,0,0,Yes,4
post17lb,poorly branching,deepest_subtree_terminal_object_level4,terminal_object,0,4,4,18,2024-05-06 08:39:24,9,365,2156,40.56,34.0,19.1,15,79,4.95,4,4,1,3,2,2,1,1,3,2,2,1,20.0,36.0,38.0,63.5,34.0,20.0,36.0,38.0,63.5,34.0,Yes,4
post18hb,richly branching,deepest_subtree_ManyARiver_level4,ManyARiver,0,4,4,97,2023-12-29 13:36:03,74,3713,19519,50.18,35.0,52.76,1,278,4.4,4,4,1,14,13,25,21,1,14,13,25,21,16.0,45.79,75.54,48.6,40.9,16.0,45.79,75.54,48.6,40.9,Yes,4
post18lb,poorly branching,deepest_subtree_yoyomonkey2_level4,yoyomonkey2,0,4,4,100,2025-03-29 14:08:32,6,133,779,22.17,9.0,28.38,1,81,5.54,4,4,1,2,1,1,1,1,2,1,1,1,5.0,7.0,81.0,1.0,32.0,5.0,7.0,81.0,1.0,32.0,Yes,4
post19hb,richly branching,deepest_subtree_GiveMeAHeartOfFlesh_level4,GiveMeAHeartOfFlesh,0,4,4,8,2025-05-12 14:18:02,10,888,5628,88.8,47.5,104.21,12,365,4.98,4,4,1,1,3,2,3,1,1,3,2,3,182.0,12.0,44.67,36.5,162.33,182.0,12.0,44.67,36.5,162.33,Yes,4
post1hb,richly branching,deepest_subtree_rich1051414_level4,rich1051414,0,4,4,1997,2024-09-02 00:36:46,82,2869,16254,34.99,22.5,40.18,1,210,4.7,4,4,1,25,17,20,19,1,25,17,20,19,57.0,32.08,20.53,36.7,48.79,57.0,32.08,20.53,36.7,48.79,Yes,4
post1lb,poorly branching,deepest_subtree_Immediate-Kale6461_level4,Immediate-Kale6461,0,4,4,4,2024-03-08 22:24:02,8,89,465,11.12,9.0,8.28,2,30,4.29,4,4,1,2,3,1,1,1,2,3,1,1,6.0,5.5,14.33,15.0,14.0,6.0,5.5,14.33,15.0,14.0,Yes,4
post20hb,richly branching,deepest_subtree_nysei_level4,nysei,0,4,4,1900,2025-03-29 20:14:31,56,2405,13146,42.95,30.5,44.55,3,223,4.28,4,4,1,15,14,22,4,1,15,14,22,4,35.0,60.2,44.21,32.18,35.0,35.0,60.2,44.21,32.18,35.0,Yes,4
post20lb,poorly branching,deepest_subtree_YaztromoX_level4,YaztromoX,0,4,4,72,2020-08-27 18:35:43,9,2332,13793,259.11,84.0,415.58,1,1332,5.17,4,4,1,3,3,1,1,1,3,3,1,1,1332.0,41.33,203.0,92.0,175.0,1332.0,41.33,203.0,92.0,175.0,Yes,4
post21hb,richly branching,deepest_subtree_pmjwhelan_level4,pmjwhelan,0,4,4,411,2025-02-14 08:18:14,29,669,3800,23.07,16.0,25.72,0,114,4.56,4,4,1,9,12,6,1,1,9,12,6,1,0.0,15.56,29.83,18.33,61.0,0.0,15.56,29.83,18.33,61.0,Yes,4
post21lb,poorly branching,deepest_subtree_lethal_rads_level4,lethal_rads,0,2,2,13,2019-07-03 01:19:51,5,564,3071,112.8,47.0,107.77,2,251,4.29,2,2,1,2,2,0,0,1,2,2,0,0,236.0,15.0,149.0,0,0,236.0,15.0,149.0,0,0,Yes,4
post22hb,richly branching,deepest_subtree_RagnarDannes_level4,RagnarDannes,0,4,4,19,2025-02-14 06:44:02,8,521,2819,65.12,59.0,31.11,30,136,4.41,4,4,1,2,3,1,1,1,2,3,1,1,136.0,50.0,61.33,59.0,42.0,136.0,50.0,61.33,59.0,42.0,Yes,4
post22lb,poorly branching,deepest_subtree_lethal_rads_level4,lethal_rads,0,2,2,14,2019-07-03 01:19:51,5,564,3071,112.8,47.0,107.77,2,251,4.29,2,2,1,2,2,0,0,1,2,2,0,0,236.0,15.0,149.0,0,0,236.0,15.0,149.0,0,0,Yes,4
post23hb,richly branching,deepest_subtree_unlikethem_level4,unlikethem,0,4,4,43,2023-12-17 13:52:27,7,150,804,21.43,19.0,12.64,3,46,4.53,4,4,1,2,1,1,2,1,2,1,1,2,14.0,11.5,17.0,19.0,38.5,14.0,11.5,17.0,19.0,38.5,Yes,4
post23lb,poorly branching,deepest_subtree_63daddy_level4,63daddy,0,2,2,64,2024-11-05 11:18:00,6,421,2492,70.17,59.0,52.73,12,161,4.53,2,2,1,3,2,0,0,1,3,2,0,0,161.0,66.0,31.0,0,0,161.0,66.0,31.0,0,0,Yes,4
post24hb,richly branching,deepest_subtree_AaahhFakeMonsters_level4,AaahhFakeMonsters,0,4,4,39,2019-12-19 17:54:03,12,754,4261,62.83,57.0,53.1,3,183,4.44,4,4,1,2,5,2,2,1,2,5,2,2,142.0,127.0,42.6,14.0,58.5,142.0,127.0,42.6,14.0,58.5,Yes,4
post25hb,richly branching,deepest_subtree_cyrusposting_level4,cyrusposting,0,4,4,9,2024-04-17 11:24:32,10,1981,11126,198.1,142.5,188.66,3,514,4.41,4,4,1,3,2,2,2,1,3,2,2,2,337.0,113.33,107.0,269.0,276.0,337.0,113.33,107.0,269.0,276.0,Yes,4
post25lb,poorly branching,deepest_subtree_GiraffeWeevil_level4,GiraffeWeevil,0,2,2,-4,2023-11-17 03:23:00,7,314,1886,44.86,15.0,49.67,1,152,4.78,2,2,1,3,3,0,0,1,3,3,0,0,15.0,54.0,45.67,0,0,15.0,54.0,45.67,0,0,Yes,4
post26hb,richly branching,deepest_subtree_-happycow-_level4,-happycow-,0,4,4,112,2025-04-13 18:12:01,32,1373,7680,42.91,25.5,43.32,2,172,4.48,4,4,1,4,12,10,5,1,4,12,10,5,4.0,47.75,41.42,32.4,71.4,4.0,47.75,41.42,32.4,71.4,Yes,4
post26lb,poorly branching,deepest_subtree_Deleted_level4,Deleted,0,3,3,11,2022-09-09 00:36:55,4,109,649,27.25,22.5,19.38,6,58,4.87,3,3,1,1,1,1,0,1,1,1,1,0,28.0,6.0,17.0,58.0,0,28.0,6.0,17.0,58.0,0,Yes,4
post27hb,richly branching,deepest_subtree_Downtown-Tomato2552_level4,Downtown-Tomato2552,0,4,4,40,2025-01-26 11:45:25,20,1135,6165,56.75,30.5,62.66,8,273,4.3,4,4,1,9,5,2,3,1,9,5,2,3,148.0,62.78,44.2,31.0,46.33,148.0,62.78,44.2,31.0,46.33,Yes,4
post27lb,poorly branching,deepest_subtree_sg_plumber_level4,sg_plumber,0,4,4,7,2024-11-23 06:53:10,11,650,3679,59.09,21.0,113.13,1,404,4.25,4,4,1,3,4,1,2,1,3,4,1,2,114.0,146.67,8.75,24.0,18.5,114.0,146.67,8.75,24.0,18.5,Yes,4
post28hb,richly branching,deepest_subtree_Braincyclopedia_level4,Braincyclopedia,0,4,4,8,2025-04-22 13:39:23,14,607,3309,43.36,26.0,54.01,4,224,4.62,4,4,1,2,4,4,3,1,2,4,4,3,25.0,51.5,70.0,32.5,23.0,25.0,51.5,70.0,32.5,23.0,Yes,4
post28lb,poorly branching,deepest_subtree_domestic_omnom_level4,domestic_omnom,0,2,2,18,2023-05-29 21:34:38,3,132,737,44.0,44.0,13.06,28,60,4.55,2,2,1,1,1,0,0,1,1,1,0,0,44.0,60.0,28.0,0,0,44.0,60.0,28.0,0,0,Yes,4
post29hb,richly branching,deepest_subtree_DamionPrime_level4,DamionPrime,0,4,4,25,2025-05-07 09:42:27,29,2019,11198,69.62,46.0,67.81,2,275,4.38,4,4,1,14,11,2,1,1,14,11,2,1,162.0,68.07,65.82,49.5,81.0,162.0,68.07,65.82,49.5,81.0,Yes,4
post29lb,poorly branching,deepest_subtree_yoyomonkey2_level4,yoyomonkey2,0,4,4,99,2025-03-29 14:08:32,6,133,779,22.17,9.0,28.38,1,81,5.54,4,4,1,2,1,1,1,1,2,1,1,1,5.0,7.0,81.0,1.0,32.0,5.0,7.0,81.0,1.0,32.0,Yes,4
post2hb,richly branching,deepest_subtree_chrischi3_level4,chrischi3,0,4,4,3647,2022-06-28 01:01:42,263,17340,98452,65.93,44.0,78.42,1,822,4.73,4,4,1,61,77,58,66,1,61,77,58,66,133.0,55.74,83.19,60.9,58.62,133.0,55.74,83.19,60.9,58.62,Yes,4
post2lb,poorly branching,deepest_subtree_fennforrestssearch_level4,fennforrestssearch,0,4,4,1,2025-03-13 11:43:55,5,274,1551,54.8,33.0,44.39,25,143,4.74,4,4,1,1,1,1,1,1,1,1,1,1,143.0,25.0,33.0,32.0,41.0,143.0,25.0,33.0,32.0,41.0,Yes,4
post30hb,richly branching,deepest_subtree_quigonjen_level4,quigonjen,0,4,4,4,2025-04-09 00:04:20,9,415,2557,46.11,39.0,18.13,32,83,4.96,4,4,1,1,3,3,1,1,1,3,3,1,83.0,41.0,36.0,35.67,76.0,83.0,41.0,36.0,35.67,76.0,Yes,4
post30lb,poorly branching,deepest_subtree_Deleted_level4,Deleted,0,4,4,64,2024-02-22 20:26:14,6,382,2160,63.67,49.0,63.43,1,151,5.41,4,4,1,1,2,1,1,1,1,2,1,1,1.0,131.0,76.0,92.0,6.0,1.0,131.0,76.0,92.0,6.0,Yes,4
post31hb,richly branching,deepest_subtree_Aggressive_Staff_982_level4,Aggressive_Staff_982,0,4,4,789,2025-02-06 10:14:55,29,955,5379,32.93,16.0,28.18,7,92,4.56,4,4,1,4,10,8,6,1,4,10,8,6,7.0,53.25,30.7,36.75,22.33,7.0,53.25,30.7,36.75,22.33,Yes,4
post31lb,poorly branching,deepest_subtree_terminal_object_level4,terminal_object,0,4,4,17,2024-05-06 08:39:24,9,365,2156,40.56,34.0,19.1,15,79,4.95,4,4,1,3,2,2,1,1,3,2,2,1,20.0,36.0,38.0,63.5,34.0,20.0,36.0,38.0,63.5,34.0,Yes,4
post32hb,richly branching,deepest_subtree_Flat_Shame_2377_level4,Flat_Shame_2377,0,4,4,82,2023-12-27 14:29:57,23,2497,14856,108.57,32.0,212.58,1,857,4.71,4,4,1,5,6,6,5,1,5,6,6,5,61.0,184.0,42.33,164.83,54.6,61.0,184.0,42.33,164.83,54.6,Yes,4
post32lb,poorly branching,deepest_subtree_JDGumby_level4,JDGumby,0,3,3,27,2025-04-03 17:57:06,11,217,1280,19.73,13.0,16.18,4,63,4.41,3,3,1,4,4,2,0,1,4,4,2,0,10.0,28.75,20.0,6.0,0,10.0,28.75,20.0,6.0,0,Yes,4
post33hb,richly branching,deepest_subtree_not_a_moogle_level4,not_a_moogle,0,4,4,505,2024-03-16 17:03:17,31,916,5298,29.55,17.0,38.51,2,188,4.78,4,4,1,13,9,5,3,1,13,9,5,3,11.0,26.85,19.11,69.8,11.67,11.0,26.85,19.11,69.8,11.67,Yes,4
post33lb,poorly branching,deepest_subtree_Intelligent_Rope_912_level4,Intelligent_Rope_912,0,4,4,1,2023-03-25 00:20:31,5,206,1284,41.2,36.0,24.89,18,86,5.28,4,4,1,1,1,1,1,1,1,1,1,1,36.0,18.0,86.0,19.0,47.0,36.0,18.0,86.0,19.0,47.0,Yes,4
post34hb,richly branching,deepest_subtree_Deleted_level4,Deleted,0,4,4,15,2024-05-19 09:45:05,18,505,2789,28.06,23.5,19.63,0,57,4.41,4,4,1,2,6,6,3,1,2,6,6,3,44.0,48.0,22.83,28.17,19.67,44.0,48.0,22.83,28.17,19.67,Yes,4
post34lb,poorly branching,deepest_subtree_Deleted_level4,Deleted,0,4,4,5,2023-04-02 13:44:06,5,80,449,16.0,16.0,9.7,2,28,5.33,4,4,1,1,1,1,1,1,1,1,1,1,16.0,25.0,2.0,9.0,28.0,16.0,25.0,2.0,9.0,28.0,Yes,4
post35hb,richly branching,deepest_subtree_OpeningOstrich6635_level4,OpeningOstrich6635,0,4,4,46,2025-04-10 11:43:21,25,778,4291,31.12,19.0,35.23,1,142,4.86,4,4,1,6,10,5,3,1,6,10,5,3,103.0,20.67,42.6,6.6,30.67,103.0,20.67,42.6,6.6,30.67,Yes,4
post35lb,poorly branching,deepest_subtree_ilmalnafs_level4,ilmalnafs,0,4,4,4,2024-11-07 13:48:34,5,140,789,28.0,22.0,19.4,8,63,4.34,4,4,1,1,1,1,1,1,1,1,1,1,22.0,14.0,63.0,33.0,8.0,22.0,14.0,63.0,33.0,8.0,Yes,4
post36hb,richly branching,deepest_subtree_unlikethem_level4,unlikethem,0,4,4,44,2023-12-17 13:52:27,7,150,804,21.43,19.0,12.64,3,46,4.53,4,4,1,2,1,1,2,1,2,1,1,2,14.0,11.5,17.0,19.0,38.5,14.0,11.5,17.0,19.0,38.5,Yes,4
post36lb,poorly branching,deepest_subtree_Lavishness-Economy_level4,Lavishness-Economy,0,4,4,9,2024-12-09 13:14:04,5,844,4674,168.8,105.0,121.25,50,374,4.37,4,4,1,1,1,1,1,1,1,1,1,1,50.0,238.0,105.0,374.0,77.0,50.0,238.0,105.0,374.0,77.0,Yes,4
post37hb,richly branching,deepest_subtree_SanDiegoDude_level4,SanDiegoDude,0,4,4,120,2024-05-01 12:35:32,27,1766,9757,65.41,36.0,121.39,1,664,4.62,4,4,1,12,9,4,1,1,12,9,4,1,88.0,86.17,49.0,23.25,110.0,88.0,86.17,49.0,23.25,110.0,Yes,4
post37lb,poorly branching,deepest_subtree_SgCloud_level4,SgCloud,0,4,4,21,2025-02-14 13:52:19,5,669,3972,133.8,97.0,82.98,66,291,4.76,4,4,1,1,1,1,1,1,1,1,1,1,291.0,142.0,97.0,73.0,66.0,291.0,142.0,97.0,73.0,66.0,Yes,4
post38lb,poorly branching,deepest_subtree_TopExtreme7841_level4,TopExtreme7841,0,4,4,13,2025-05-08 06:38:05,5,567,3044,113.4,58.0,141.76,1,387,4.91,4,4,1,1,1,1,1,1,1,1,1,1,14.0,58.0,107.0,1.0,387.0,14.0,58.0,107.0,1.0,387.0,Yes,4
post39hb,richly branching,deepest_subtree_kyngston_level4,kyngston,0,4,4,1,2025-05-03 12:40:29,5,574,3347,114.8,118.0,68.43,36,232,4.79,4,4,1,1,1,1,1,1,1,1,1,1,118.0,232.0,58.0,130.0,36.0,118.0,232.0,58.0,130.0,36.0,Yes,4
post39lb,poorly branching,deepest_subtree_No-Second-Kill-Death_level4,No-Second-Kill-Death,0,4,4,2,2025-03-09 14:46:35,5,478,2703,95.6,56.0,106.56,18,306,4.27,4,4,1,1,1,1,1,1,1,1,1,1,18.0,66.0,32.0,56.0,306.0,18.0,66.0,32.0,56.0,306.0,Yes,4
post3hb,richly branching,deepest_subtree_RobotToaster44_level4,RobotToaster44,0,4,4,1123,2024-03-16 19:42:07,42,1367,7606,32.55,13.0,51.74,1,298,4.64,4,4,1,7,11,13,10,1,7,11,13,10,11.0,9.0,30.91,42.92,39.5,11.0,9.0,30.91,42.92,39.5,Yes,4
post40hb,richly branching,deepest_subtree_Presidential_Rapist_level4,Presidential_Rapist,0,4,4,47,2025-04-14 09:07:58,16,795,4761,49.69,44.5,25.02,9,94,4.88,4,4,1,4,5,4,2,1,4,5,4,2,72.0,45.0,53.6,55.25,27.0,72.0,45.0,53.6,55.25,27.0,Yes,4
post41hb,richly branching,deepest_subtree_InFearn0_level4,InFearn0,0,4,4,13,2020-07-08 17:05:02,7,751,4532,107.29,78.0,97.59,4,305,5.2,4,4,1,2,2,1,1,1,2,2,1,1,305.0,74.5,139.5,14.0,4.0,305.0,74.5,139.5,14.0,4.0,Yes,4
post42hb,richly branching,deepest_subtree_MeltedIceCube79_level4,MeltedIceCube79,0,4,4,5,2024-10-21 21:32:46,5,704,4231,140.8,40.0,179.43,20,491,4.83,4,4,1,1,1,1,1,1,1,1,1,1,40.0,491.0,25.0,128.0,20.0,40.0,491.0,25.0,128.0,20.0,Yes,4
post44hb,richly branching,deepest_subtree_Deleted_level4,Deleted,0,4,4,11,2024-10-01 13:23:24,5,111,612,22.2,21.0,15.88,1,41,4.79,4,4,1,1,1,1,1,1,1,1,1,1,39.0,41.0,21.0,1.0,9.0,39.0,41.0,21.0,1.0,9.0,Yes,4
post45hb,richly branching,deepest_subtree_westgazer_level4,westgazer,0,4,4,28,2025-05-09 15:55:42,30,1732,9615,57.73,37.0,49.78,3,168,4.36,4,4,1,11,7,8,3,1,11,7,8,3,48.0,62.0,45.86,75.5,25.67,48.0,62.0,45.86,75.5,25.67,Yes,4
post45lb,poorly branching,deepest_subtree_Gari_305_level4,Gari_305,0,4,4,1,2022-05-19 07:26:35,7,225,1395,32.14,33.0,15.75,9,57,5.04,4,4,1,2,2,1,1,1,2,2,1,1,57.0,21.0,27.0,45.0,27.0,57.0,21.0,27.0,45.0,27.0,Yes,4
post46hb,richly branching,deepest_subtree_BackItUpWithLinks_level4,BackItUpWithLinks,0,4,4,50,2024-09-25 00:44:26,12,285,1539,23.75,10.5,36.04,3,138,4.26,4,4,1,3,3,2,3,1,3,3,2,3,20.0,22.0,50.0,12.0,8.33,20.0,22.0,50.0,12.0,8.33,Yes,4
post46lb,poorly branching,deepest_subtree_schwarzmalerin_level4,schwarzmalerin,0,3,3,40,2025-02-26 03:14:18,7,386,2272,55.14,46.0,35.15,16,121,4.73,3,3,1,3,2,1,0,1,3,2,1,0,121.0,45.0,54.0,22.0,0,121.0,45.0,54.0,22.0,0,Yes,4
post47hb,richly branching,deepest_subtree_rich1051414_level4,rich1051414,0,4,4,1996,2024-09-02 00:36:46,82,2869,16254,34.99,22.5,40.18,1,210,4.7,4,4,1,25,17,20,19,1,25,17,20,19,57.0,32.08,20.53,36.7,48.79,57.0,32.08,20.53,36.7,48.79,Yes,4
post47lb,poorly branching,deepest_subtree_latestagecapitalist_level4,latestagecapitalist,0,4,4,16,2025-04-15 12:54:21,7,493,2699,70.43,63.0,42.47,14,155,4.22,4,4,1,3,1,1,1,1,3,1,1,1,103.0,72.0,46.0,65.0,63.0,103.0,72.0,46.0,65.0,63.0,Yes,4
post48hb,richly branching,deepest_subtree_carlos_6m_level4,carlos_6m,0,4,4,48,2022-06-16 09:28:55,34,1510,8548,44.41,25.5,46.25,1,193,4.64,4,4,1,8,11,8,6,1,8,11,8,6,43.0,66.12,49.64,38.88,13.5,43.0,66.12,49.64,38.88,13.5,Yes,4
post48lb,poorly branching,deepest_subtree_iMooch_level4,iMooch,0,4,4,47,2025-05-09 15:43:15,16,666,3870,41.62,25.0,38.26,5,144,4.68,4,4,1,3,6,4,2,1,3,6,4,2,119.0,29.67,44.83,38.25,18.0,119.0,29.67,44.83,38.25,18.0,Yes,4
post49hb,richly branching,deepest_subtree_Deleted_level4,Deleted,0,4,4,3,2022-02-08 19:06:16,7,863,4925,123.29,103.0,86.91,20,274,4.52,4,4,1,1,1,1,3,1,1,1,1,3,56.0,153.0,211.0,274.0,56.33,56.0,153.0,211.0,274.0,56.33,Yes,4
post49lb,poorly branching,deepest_subtree_zano19724_level4,zano19724,0,4,4,28,2025-01-29 08:44:20,9,92,534,10.22,6.0,8.4,2,30,4.63,4,4,1,2,2,3,1,1,2,2,3,1,6.0,8.5,3.5,15.0,17.0,6.0,8.5,3.5,15.0,17.0,Yes,4
post4hb,richly branching,deepest_subtree_bezelboot69_level4,bezelboot69,0,4,4,208,2024-08-28 15:38:36,15,694,3899,46.27,22.0,50.4,9,187,4.57,4,4,1,6,3,3,2,1,6,3,3,2,32.0,63.67,28.67,52.67,18.0,32.0,63.67,28.67,52.67,18.0,Yes,4
post50hb,richly branching,deepest_subtree_BadgerNips_level4,BadgerNips,0,4,4,1773,2022-05-23 08:31:26,45,1196,6465,26.58,23.0,18.2,3,85,4.33,4,4,1,7,20,9,8,1,7,20,9,8,19.0,25.86,27.7,26.0,26.0,19.0,25.86,27.7,26.0,26.0,Yes,4
post50lb,poorly branching,deepest_subtree_Otherwise_Repeat_294_level4,Otherwise_Repeat_294,0,4,4,70,2025-04-20 11:17:33,7,295,1725,42.14,31.0,47.47,4,150,4.97,4,4,1,1,1,2,2,1,1,1,2,2,8.0,31.0,4.0,100.5,25.5,8.0,31.0,4.0,100.5,25.5,Yes,4
post51hb,richly branching,deepest_subtree_Fippy-Darkpaw_level4,Fippy-Darkpaw,0,4,4,51,2022-05-25 13:13:40,8,183,1057,22.88,21.0,12.79,7,53,4.86,4,4,1,2,3,1,1,1,2,3,1,1,16.0,22.5,15.67,53.0,22.0,16.0,22.5,15.67,53.0,22.0,Yes,4
post51lb,poorly branching,deepest_subtree_libginger73_level4,libginger73,0,4,4,2,2024-03-18 17:35:35,5,207,1119,41.4,27.0,32.08,17,103,4.43,4,4,1,1,1,1,1,1,1,1,1,1,42.0,18.0,27.0,103.0,17.0,42.0,18.0,27.0,103.0,17.0,Yes,4
post52hb,richly branching,deepest_subtree_StandardN02b_level4,StandardN02b,0,4,4,1516,2023-11-05 08:57:04,17,186,1083,10.94,10.0,7.58,2,27,4.85,4,4,1,2,3,4,7,1,2,3,4,7,13.0,9.5,5.33,15.0,11.14,13.0,9.5,5.33,15.0,11.14,Yes,4
post52lb,poorly branching,deepest_subtree_BAUWS45_level4,BAUWS45,0,4,4,-12,2025-03-29 05:03:41,6,125,784,20.83,21.0,10.3,1,34,4.74,4,4,1,2,1,1,1,1,2,1,1,1,19.0,31.5,21.0,21.0,1.0,19.0,31.5,21.0,21.0,1.0,Yes,4
post53hb,richly branching,deepest_subtree_Hydreigon92_level4,Hydreigon92,0,4,4,66,2021-11-04 13:43:55,17,1752,10551,103.06,76.0,81.59,10,285,4.85,4,4,1,6,2,3,5,1,6,2,3,5,161.0,56.5,139.0,132.0,115.6,161.0,56.5,139.0,132.0,115.6,Yes,4
post53lb,poorly branching,deepest_subtree_Deleted_level4,Deleted,0,4,4,14,2018-03-29 14:00:12,17,1777,10292,104.53,73.0,126.53,1,480,4.92,4,4,1,5,6,4,1,1,5,6,4,1,253.0,128.2,57.0,115.25,80.0,253.0,128.2,57.0,115.25,80.0,Yes,4
post54hb,richly branching,deepest_subtree_Seraph199_level4,Seraph199,0,4,4,1117,2025-04-01 12:20:01,76,4937,27893,64.96,48.0,69.5,1,458,4.54,4,4,1,19,19,19,18,1,19,19,19,18,52.0,47.21,95.58,56.42,61.11,52.0,47.21,95.58,56.42,61.11,Yes,4
post54lb,poorly branching,deepest_subtree_sec_engineer_level4,sec_engineer,0,4,4,2,2025-03-11 12:57:22,8,487,2806,60.88,32.0,65.74,2,224,4.54,4,4,1,2,2,2,1,1,2,2,2,1,70.0,55.0,123.5,15.0,30.0,70.0,55.0,123.5,15.0,30.0,Yes,4
post55hb,richly branching,deepest_subtree_tklite_level4,tklite,0,4,4,38,2021-08-23 16:25:25,14,439,2549,31.36,28.0,26.05,1,82,5.01,4,4,1,2,1,3,7,1,2,1,3,7,16.0,54.0,69.0,6.0,32.57,16.0,54.0,69.0,6.0,32.57,Yes,4
post55lb,poorly branching,deepest_subtree_Lolabird2112_level4,Lolabird2112,0,4,4,32,2023-01-08 05:24:48,7,401,2220,57.29,40.0,37.06,22,141,4.4,4,4,1,1,1,2,2,1,1,1,2,2,40.0,39.0,141.0,63.0,27.5,40.0,39.0,141.0,63.0,27.5,Yes,4
post56hb,richly branching,deepest_subtree_Deleted_level4,Deleted,0,4,4,308,2022-05-18 01:20:45,10,103,527,10.3,7.5,10.25,1,31,4.87,4,4,1,2,1,4,2,1,2,1,4,2,1.0,16.5,1.0,14.75,4.5,1.0,16.5,1.0,14.75,4.5,Yes,4
post57hb,richly branching,deepest_subtree_electrace_level4,electrace,0,4,4,140,2025-05-20 07:46:45,36,1557,8880,43.25,28.0,62.09,1,334,4.85,4,4,1,8,6,11,10,1,8,6,11,10,49.0,32.88,19.83,50.0,57.6,49.0,32.88,19.83,50.0,57.6,Yes,4
post58hb,richly branching,deepest_subtree_myothercat_level4,myothercat,0,4,4,5,2024-10-29 23:30:44,6,75,377,12.5,13.5,9.11,1,24,4.07,4,4,1,1,2,1,1,1,1,2,1,1,7.0,3.0,20.0,1.0,24.0,7.0,3.0,20.0,1.0,24.0,Yes,4
post59hb,richly branching,deepest_subtree_dressinbrass_level4,dressinbrass,0,4,4,226,2024-06-06 08:57:21,18,919,5017,51.06,30.0,50.4,3,177,4.45,4,4,1,7,4,4,2,1,7,4,4,2,29.0,33.29,53.25,64.0,94.0,29.0,33.29,53.25,64.0,94.0,Yes,4
post5hb,richly branching,deepest_subtree_Deleted_level4,Deleted,0,4,4,10348,2020-01-31 18:41:59,142,4542,24871,31.99,18.0,43.3,1,274,4.57,4,4,1,15,23,49,54,1,15,23,49,54,12.0,22.6,42.04,22.47,39.31,12.0,22.6,42.04,22.47,39.31,Yes,4
post5lb,poorly branching,deepest_subtree_ed2022_level4,ed2022,0,4,4,1,2019-10-15 07:56:19,6,457,2673,76.17,54.5,71.22,10,214,4.64,4,4,1,1,1,2,1,1,1,1,2,1,10.0,42.0,10.0,164.0,67.0,10.0,42.0,10.0,164.0,67.0,Yes,4
post6hb,richly branching,deepest_subtree_d4em_level4,d4em,0,4,4,116,2022-11-22 12:05:40,34,2732,15781,80.35,51.0,77.02,1,259,5.03,4,4,1,9,10,9,5,1,9,10,9,5,259.0,86.78,86.2,48.89,78.0,259.0,86.78,86.2,48.89,78.0,Yes,4
post6lb,poorly branching,deepest_subtree_onwee_level4,onwee,0,4,4,47,2022-06-30 17:39:49,13,658,3816,50.62,37.0,46.02,3,185,4.71,4,4,1,1,1,5,5,1,1,1,5,5,33.0,185.0,46.0,47.2,31.6,33.0,185.0,46.0,47.2,31.6,Yes,4
post7hb,richly branching,deepest_subtree_JennyBeckman_level4,JennyBeckman,0,4,4,47,2020-11-20 11:41:24,11,684,3972,62.18,34.0,54.8,2,163,4.66,4,4,1,2,2,4,2,1,2,2,4,2,90.0,94.5,78.5,54.25,15.5,90.0,94.5,78.5,54.25,15.5,Yes,4
post7lb,poorly branching,deepest_subtree_xpurplegray_level4,xpurplegray,0,2,2,1,2025-03-27 18:35:27,3,71,407,23.67,19.0,18.26,4,48,4.3,2,2,1,1,1,0,0,1,1,1,0,0,19.0,48.0,4.0,0,0,19.0,48.0,4.0,0,0,Yes,4
post8hb,richly branching,deepest_subtree_Dot_Gale_level4,Dot_Gale,0,4,4,1713,2023-10-20 07:27:50,23,378,1879,16.43,13.0,18.44,1,88,4.13,4,4,1,14,5,2,1,1,14,5,2,1,30.0,13.07,29.2,7.0,5.0,30.0,13.07,29.2,7.0,5.0,Yes,4
post8lb,poorly branching,deepest_subtree_Deleted_level4,Deleted,0,4,4,11,2024-03-26 08:31:18,10,236,1346,23.6,13.5,26.16,1,79,5.14,4,4,1,3,3,2,1,1,3,3,2,1,10.0,26.0,22.33,40.0,1.0,10.0,26.0,22.33,40.0,1.0,Yes,4
post9hb,richly branching,deepest_subtree_chibop1_level4,chibop1,0,4,4,136,2024-05-14 01:04:15,24,645,3571,26.88,18.0,22.82,5,107,4.38,4,4,1,7,7,5,4,1,7,7,5,4,25.0,31.43,23.14,14.4,41.5,25.0,31.43,23.14,14.4,41.5,Yes,4
post9lb,poorly branching,deepest_subtree_Deleted_level4,Deleted,0,4,4,1,2023-04-20 01:51:15,5,223,1239,44.6,6.0,48.55,6,120,4.71,4,4,1,1,1,1,1,1,1,1,1,1,6.0,6.0,85.0,6.0,120.0,6.0,6.0,85.0,6.0,120.0,Yes,4
