post_id,conversation_type,comment_level,compound_score,sentiment_label
post10con,controversial,1,-0.0549,negative
post10con,controversial,2,0.829,positive
post10con,controversial,3,0.4545,positive
post10con,controversial,4,-0.4522,negative
post10con,controversial,3,-0.4482,negative
post10con,controversial,3,0.631,positive
post10con,controversial,2,0.1901,positive
post10con,controversial,3,-0.2337,negative
post10con,controversial,4,0.0,neutral
post10con,controversial,3,0.0,neutral
post10con,controversial,2,-0.0772,negative
post10tec,technical,1,-0.638,negative
post10tec,technical,2,-0.9064,negative
post10tec,technical,3,0.7845,positive
post10tec,technical,4,0.6662,positive
post11tec,technical,1,0.3054,positive
post11tec,technical,2,0.3919,positive
post12con,controversial,1,0.3384,positive
post12con,controversial,2,0.4389,positive
post12con,controversial,2,0.0,neutral
post12con,controversial,2,0.7897,positive
post12con,controversial,2,0.5574,positive
post12con,controversial,2,-0.25,negative
post12con,controversial,2,0.0,neutral
post12con,controversial,3,0.784,positive
post12con,controversial,4,0.69,positive
post12con,controversial,4,-0.6956,negative
post12con,controversial,3,0.0,neutral
post12con,controversial,3,0.0,neutral
post12con,controversial,4,0.0,neutral
post12tec,technical,1,0.34,positive
post12tec,technical,2,-0.4019,negative
post12tec,technical,3,0.9081,positive
post12tec,technical,4,0.6908,positive
post13con,controversial,1,-0.3174,negative
post13con,controversial,2,-0.7906,negative
post13con,controversial,3,0.0,neutral
post13con,controversial,4,0.5562,positive
post13con,controversial,2,0.2991,positive
post13con,controversial,3,-0.5859,negative
post13con,controversial,3,0.5816,positive
post13con,controversial,4,0.9704,positive
post13con,controversial,3,-0.3818,negative
post13con,controversial,4,0.1999,positive
post13con,controversial,4,0.7263,positive
post13con,controversial,4,-0.4973,negative
post13con,controversial,3,0.0,neutral
post13con,controversial,4,0.3197,positive
post13con,controversial,4,0.0,neutral
post13con,controversial,4,0.6249,positive
post13con,controversial,3,0.2732,positive
post13con,controversial,4,0.0772,positive
post13con,controversial,3,0.0,neutral
post13con,controversial,3,0.2661,positive
post13con,controversial,3,0.0772,positive
post13con,controversial,4,0.0024,neutral
post13con,controversial,2,-0.296,negative
post13con,controversial,3,-0.7003,negative
post13con,controversial,4,0.0258,neutral
post13con,controversial,2,0.25,positive
post13con,controversial,2,0.9509,positive
post13con,controversial,2,-0.9204,negative
post13con,controversial,3,0.2023,positive
post13con,controversial,4,0.705,positive
post13con,controversial,4,-0.8696,negative
post13con,controversial,4,-0.128,negative
post13con,controversial,4,0.1923,positive
post13con,controversial,2,0.0,neutral
post13con,controversial,2,-0.1045,negative
post13tec,technical,1,0.8426,positive
post13tec,technical,2,-0.5267,negative
post13tec,technical,2,0.0,neutral
post13tec,technical,2,0.0,neutral
post14con,controversial,1,0.9301,positive
post14con,controversial,2,0.9392,positive
post14con,controversial,3,0.3599,positive
post14con,controversial,4,-0.8929,negative
post14con,controversial,4,-0.128,negative
post14con,controversial,4,0.1779,positive
post14con,controversial,3,0.9633,positive
post14con,controversial,4,-0.8504,negative
post14con,controversial,4,-0.4939,negative
post14con,controversial,3,-0.2247,negative
post14con,controversial,3,0.0,neutral
post14con,controversial,3,0.8271,positive
post14con,controversial,2,-0.2732,negative
post14con,controversial,3,0.0,neutral
post14con,controversial,3,-0.4634,negative
post14con,controversial,4,-0.3968,negative
post14con,controversial,2,-0.296,negative
post14con,controversial,3,-0.8402,negative
post14con,controversial,3,-0.4003,negative
post14con,controversial,2,0.4738,positive
post14con,controversial,2,0.0,neutral
post14con,controversial,2,0.3612,positive
post14con,controversial,2,0.8481,positive
post14tec,technical,1,0.8723,positive
post14tec,technical,2,0.0,neutral
post14tec,technical,3,0.0772,positive
post14tec,technical,2,0.8271,positive
post14tec,technical,3,0.8587,positive
post14tec,technical,3,0.4404,positive
post14tec,technical,3,0.743,positive
post14tec,technical,2,-0.296,negative
post14tec,technical,3,0.4019,positive
post14tec,technical,4,-0.0258,neutral
post15con,controversial,1,0.6553,positive
post15con,controversial,2,0.1027,positive
post15con,controversial,3,-0.973,negative
post15con,controversial,4,0.8074,positive
post15tec,technical,1,0.8152,positive
post15tec,technical,2,0.0,neutral
post15tec,technical,3,0.4404,positive
post15tec,technical,3,-0.6249,negative
post15tec,technical,4,0.5719,positive
post15tec,technical,2,0.0,neutral
post16con,controversial,1,0.0,neutral
post16con,controversial,2,0.9313,positive
post16con,controversial,3,0.4234,positive
post16con,controversial,4,0.644,positive
post16con,controversial,2,0.7184,positive
post16con,controversial,3,-0.6295,negative
post16con,controversial,3,-0.3089,negative
post16con,controversial,3,0.6542,positive
post16con,controversial,3,-0.5448,negative
post16tec,technical,1,0.5106,positive
post16tec,technical,2,0.9307,positive
post16tec,technical,3,0.6908,positive
post17tec,technical,1,0.0,neutral
post17tec,technical,2,0.466,positive
post17tec,technical,3,-0.1027,negative
post17tec,technical,4,0.0,neutral
post17tec,technical,2,-0.2173,negative
post18con,controversial,1,0.0,neutral
post18con,controversial,2,0.0,neutral
post18con,controversial,3,0.9049,positive
post18con,controversial,4,0.4019,positive
post18con,controversial,4,0.1901,positive
post18con,controversial,4,0.7843,positive
post18con,controversial,4,0.1531,positive
post18con,controversial,4,0.0,neutral
post18con,controversial,4,0.0,neutral
post18con,controversial,4,0.0,neutral
post18con,controversial,4,0.0,neutral
post18con,controversial,4,-0.5719,negative
post18con,controversial,4,0.0,neutral
post18con,controversial,4,0.6662,positive
post18con,controversial,2,0.0498,neutral
post18con,controversial,3,0.8988,positive
post18con,controversial,2,-0.0634,negative
post18con,controversial,3,-0.177,negative
post18con,controversial,4,-0.2607,negative
post18con,controversial,4,-0.6907,negative
post18con,controversial,3,-0.015,neutral
post18con,controversial,4,0.9708,positive
post18con,controversial,4,-0.9421,negative
post18con,controversial,4,-0.2846,negative
post18con,controversial,4,0.0516,positive
post18con,controversial,3,0.7139,positive
post18con,controversial,3,-0.8677,negative
post18con,controversial,2,0.2254,positive
post18con,controversial,3,-0.4738,negative
post18con,controversial,4,-0.5106,negative
post18con,controversial,2,0.5542,positive
post18con,controversial,3,0.0,neutral
post18con,controversial,4,0.0,neutral
post18con,controversial,2,0.0,neutral
post18con,controversial,2,0.7579,positive
post18con,controversial,3,0.0,neutral
post18con,controversial,4,-0.6147,negative
post18con,controversial,3,0.4854,positive
post18con,controversial,3,-0.2577,negative
post18con,controversial,2,0.0,neutral
post18con,controversial,2,-0.8969,negative
post18con,controversial,3,0.2982,positive
post18con,controversial,4,0.5809,positive
post18con,controversial,4,0.4215,positive
post18con,controversial,4,0.7763,positive
post18con,controversial,4,0.8608,positive
post18con,controversial,2,0.6217,positive
post18con,controversial,2,-0.6124,negative
post18con,controversial,2,-0.296,negative
post18con,controversial,2,0.0,neutral
post18con,controversial,3,-0.4993,negative
post18con,controversial,4,0.0,neutral
post18con,controversial,2,0.0,neutral
post18tec,technical,1,0.433,positive
post18tec,technical,2,-0.5481,negative
post18tec,technical,3,0.6491,positive
post18tec,technical,4,-0.4871,negative
post18tec,technical,4,0.0,neutral
post19con,controversial,1,0.973,positive
post19con,controversial,2,-0.47,negative
post19con,controversial,3,0.6224,positive
post19con,controversial,4,0.8074,positive
post19con,controversial,3,0.8402,positive
post19con,controversial,4,-0.0516,negative
post19con,controversial,3,-0.0608,negative
post19tec,technical,1,0.6705,positive
post19tec,technical,2,0.2263,positive
post19tec,technical,3,0.5918,positive
post19tec,technical,4,0.8625,positive
post19tec,technical,2,0.4404,positive
post1con,controversial,1,0.8674,positive
post1con,controversial,2,-0.0356,neutral
post1con,controversial,3,0.6555,positive
post1con,controversial,4,0.6428,positive
post1con,controversial,4,0.0883,positive
post1con,controversial,4,0.4588,positive
post1con,controversial,3,-0.2732,negative
post1con,controversial,2,-0.1531,negative
post1con,controversial,3,-0.7978,negative
post1con,controversial,4,0.0,neutral
post1con,controversial,4,-0.0736,negative
post1con,controversial,4,0.0,neutral
post1con,controversial,4,-0.2748,negative
post1con,controversial,3,0.0,neutral
post1con,controversial,3,0.4497,positive
post1con,controversial,4,0.3182,positive
post1con,controversial,3,-0.7355,negative
post1con,controversial,3,0.0,neutral
post1con,controversial,2,0.7592,positive
post1con,controversial,3,0.8122,positive
post1con,controversial,2,0.5371,positive
post1con,controversial,3,0.743,positive
post1con,controversial,4,-0.0258,neutral
post1con,controversial,4,0.5012,positive
post1con,controversial,4,-0.6908,negative
post1con,controversial,2,0.0,neutral
post1con,controversial,3,0.0,neutral
post1con,controversial,3,0.2263,positive
post1con,controversial,4,0.0,neutral
post1con,controversial,4,0.6369,positive
post1con,controversial,4,0.4549,positive
post1con,controversial,4,-0.1027,negative
post1con,controversial,4,-0.123,negative
post1con,controversial,4,0.0,neutral
post1con,controversial,4,-0.3182,negative
post1con,controversial,2,-0.1027,negative
post1con,controversial,3,0.4019,positive
post1con,controversial,2,-0.7066,negative
post1con,controversial,3,0.8221,positive
post1con,controversial,2,0.743,positive
post1con,controversial,3,-0.2572,negative
post1con,controversial,4,0.0,neutral
post1con,controversial,2,0.5198,positive
post1con,controversial,2,-0.9001,negative
post1con,controversial,2,0.2105,positive
post1con,controversial,2,0.0,neutral
post1con,controversial,2,-0.1635,negative
post1con,controversial,2,0.0,neutral
post1con,controversial,2,-0.9207,negative
post1con,controversial,2,0.4019,positive
post1con,controversial,2,-0.2263,negative
post1con,controversial,2,-0.1725,negative
post1con,controversial,2,0.3291,positive
post1con,controversial,3,0.3612,positive
post1con,controversial,2,0.3612,positive
post1con,controversial,2,0.0,neutral
post1con,controversial,3,0.5984,positive
post1con,controversial,4,0.3182,positive
post1con,controversial,2,0.0,neutral
post1con,controversial,2,-0.5346,negative
post1con,controversial,3,0.2187,positive
post1con,controversial,2,-0.5267,negative
post1con,controversial,2,-0.5998,negative
post1tec,technical,1,0.9209,positive
post1tec,technical,2,-0.743,negative
post1tec,technical,3,0.1655,positive
post1tec,technical,4,0.5229,positive
post20con,controversial,1,-0.4515,negative
post20con,controversial,2,0.9037,positive
post20con,controversial,3,0.9699,positive
post20con,controversial,4,-0.4019,negative
post20con,controversial,4,0.4215,positive
post20con,controversial,4,0.9062,positive
post20con,controversial,4,-0.1531,negative
post20con,controversial,4,0.8503,positive
post20con,controversial,4,0.7906,positive
post20con,controversial,4,-0.6908,negative
post20con,controversial,4,0.7845,positive
post20con,controversial,3,0.2023,positive
post20con,controversial,4,-0.3089,negative
post20con,controversial,4,0.6326,positive
post20con,controversial,4,0.4215,positive
post20con,controversial,4,0.3182,positive
post20con,controversial,4,0.0,neutral
post20con,controversial,4,0.7612,positive
post20con,controversial,4,0.4404,positive
post20con,controversial,4,0.0,neutral
post20con,controversial,3,-0.34,negative
post20con,controversial,4,0.7655,positive
post20con,controversial,3,0.0,neutral
post20con,controversial,2,0.7096,positive
post20con,controversial,3,0.9332,positive
post20con,controversial,4,0.7506,positive
post20con,controversial,4,0.4241,positive
post20con,controversial,3,0.4199,positive
post20con,controversial,3,0.0,neutral
post20con,controversial,3,0.3612,positive
post20con,controversial,3,-0.5574,negative
post20con,controversial,2,0.5574,positive
post20con,controversial,3,0.0258,neutral
post20con,controversial,3,0.5994,positive
post20con,controversial,2,0.2363,positive
post20con,controversial,3,0.296,positive
post20con,controversial,4,0.4215,positive
post20con,controversial,4,0.9453,positive
post20con,controversial,2,0.4188,positive
post20con,controversial,3,0.8524,positive
post20con,controversial,2,0.9059,positive
post20con,controversial,2,0.891,positive
post20con,controversial,3,0.0,neutral
post20con,controversial,4,0.5093,positive
post20con,controversial,2,-0.34,negative
post20con,controversial,2,-0.0258,neutral
post20con,controversial,2,-0.296,negative
post20con,controversial,2,0.969,positive
post20con,controversial,2,0.3612,positive
post20con,controversial,2,0.9359,positive
post20con,controversial,2,0.7351,positive
post20con,controversial,2,0.3818,positive
post20tec,technical,1,0.2263,positive
post20tec,technical,2,0.0,neutral
post20tec,technical,3,0.296,positive
post20tec,technical,4,0.0,neutral
post21con,controversial,1,0.0,neutral
post21con,controversial,2,0.0,neutral
post21con,controversial,3,0.0,neutral
post21con,controversial,4,0.0,neutral
post21con,controversial,3,0.3612,positive
post21con,controversial,2,0.7841,positive
post21con,controversial,3,-0.1695,negative
post21con,controversial,4,0.6124,positive
post21con,controversial,4,0.5216,positive
post21con,controversial,3,0.9635,positive
post21con,controversial,4,-0.7096,negative
post21con,controversial,4,-0.2732,negative
post21con,controversial,3,0.5859,positive
post21con,controversial,3,-0.0624,negative
post21con,controversial,3,0.8445,positive
post21con,controversial,3,-0.4939,negative
post21con,controversial,2,0.34,positive
post21con,controversial,3,0.4767,positive
post21con,controversial,3,0.2023,positive
post21con,controversial,2,-0.7906,negative
post21con,controversial,2,0.4404,positive
post21con,controversial,3,0.0,neutral
post21con,controversial,2,0.644,positive
post21con,controversial,3,0.5859,positive
post21con,controversial,4,0.4019,positive
post21con,controversial,2,0.5574,positive
post21con,controversial,2,0.0,neutral
post21con,controversial,2,0.0,neutral
post21tec,technical,1,0.6249,positive
post21tec,technical,2,0.9695,positive
post21tec,technical,3,-0.5267,negative
post21tec,technical,4,-0.6297,negative
post22con,controversial,1,-0.9531,negative
post22con,controversial,2,0.1027,positive
post22con,controversial,3,0.0,neutral
post22con,controversial,2,-0.4754,negative
post22con,controversial,3,0.3499,positive
post22con,controversial,3,-0.6476,negative
post22con,controversial,4,0.6908,positive
post22tec,technical,1,0.8909,positive
post22tec,technical,2,0.3612,positive
post22tec,technical,2,0.0,neutral
post22tec,technical,3,-0.2755,negative
post22tec,technical,4,0.0,neutral
post22tec,technical,2,0.0,neutral
post22tec,technical,3,0.0,neutral
post22tec,technical,4,0.0,neutral
post23con,controversial,1,-0.3116,negative
post23con,controversial,2,0.0,neutral
post23con,controversial,2,0.2263,positive
post23con,controversial,3,0.4215,positive
post23con,controversial,4,0.0,neutral
post23tec,technical,1,0.0,neutral
post23tec,technical,2,0.0,neutral
post23tec,technical,3,0.0,neutral
post23tec,technical,2,-0.5401,negative
post23tec,technical,3,0.0,neutral
post23tec,technical,4,-0.4215,negative
post23tec,technical,3,0.0,neutral
post23tec,technical,4,0.0,neutral
post23tec,technical,2,-0.4215,negative
post23tec,technical,3,0.0,neutral
post24con,controversial,1,0.852,positive
post24con,controversial,2,-0.9782,negative
post24con,controversial,3,-0.3412,negative
post24con,controversial,3,-0.0915,negative
post24con,controversial,3,0.4497,positive
post24con,controversial,4,-0.4404,negative
post24con,controversial,3,-0.4767,negative
post24con,controversial,2,-0.872,negative
post24con,controversial,3,0.0408,neutral
post24con,controversial,4,0.0,neutral
post24tec,technical,1,0.7096,positive
post24tec,technical,2,0.0,neutral
post24tec,technical,3,0.0,neutral
post24tec,technical,3,-0.975,negative
post24tec,technical,3,0.0,neutral
post24tec,technical,4,0.0,neutral
post25con,controversial,1,-0.5179,negative
post25con,controversial,2,0.5849,positive
post25con,controversial,3,-0.1531,negative
post25con,controversial,4,-0.577,negative
post25con,controversial,2,-0.4555,negative
post25con,controversial,3,0.8906,positive
post25con,controversial,4,-0.982,negative
post25con,controversial,2,0.4404,positive
post25tec,technical,1,0.5927,positive
post25tec,technical,2,0.5267,positive
post25tec,technical,2,0.9046,positive
post25tec,technical,3,-0.296,negative
post25tec,technical,4,0.6696,positive
post25tec,technical,2,0.0,neutral
post25tec,technical,3,0.7992,positive
post25tec,technical,4,0.5719,positive
post25tec,technical,4,0.4926,positive
post25tec,technical,2,0.8121,positive
post25tec,technical,3,-0.2617,negative
post25tec,technical,4,0.0,neutral
post25tec,technical,2,0.767,positive
post25tec,technical,3,0.9235,positive
post25tec,technical,4,0.977,positive
post25tec,technical,2,0.3612,positive
post26con,controversial,1,-0.765,negative
post26con,controversial,2,0.4033,positive
post26con,controversial,2,0.0516,positive
post26con,controversial,2,-0.5276,negative
post26con,controversial,3,-0.666,negative
post26con,controversial,4,0.3182,positive
post26con,controversial,4,0.0,neutral
post26con,controversial,2,0.0,neutral
post26con,controversial,3,0.0,neutral
post26con,controversial,3,0.6486,positive
post26con,controversial,4,0.4215,positive
post26con,controversial,4,0.4939,positive
post26con,controversial,3,-0.035,neutral
post26con,controversial,3,0.0,neutral
post26con,controversial,4,0.4754,positive
post26con,controversial,3,0.8873,positive
post26con,controversial,4,0.6697,positive
post26con,controversial,4,-0.6486,negative
post26con,controversial,3,0.8115,positive
post26con,controversial,3,0.6767,positive
post26con,controversial,4,0.0,neutral
post26con,controversial,3,0.4939,positive
post26con,controversial,4,-0.7275,negative
post26con,controversial,3,0.1531,positive
post26con,controversial,3,0.0258,neutral
post26con,controversial,3,-0.3612,negative
post26con,controversial,4,0.4199,positive
post26tec,technical,1,0.7783,positive
post26tec,technical,2,-0.296,negative
post26tec,technical,2,0.5379,positive
post26tec,technical,3,0.1779,positive
post26tec,technical,4,0.1531,positive
post27con,controversial,1,0.6214,positive
post27con,controversial,2,0.3182,positive
post27con,controversial,3,-0.296,negative
post27con,controversial,4,-0.2023,negative
post27con,controversial,4,-0.4019,negative
post27con,controversial,3,0.5574,positive
post27con,controversial,3,0.5719,positive
post27con,controversial,2,0.9855,positive
post27con,controversial,3,0.836,positive
post27con,controversial,2,0.3071,positive
post27con,controversial,3,-0.296,negative
post27con,controversial,2,-0.4215,negative
post27con,controversial,2,0.6697,positive
post27con,controversial,2,0.0,neutral
post27con,controversial,2,-0.7783,negative
post27con,controversial,2,0.0,neutral
post27con,controversial,2,0.3036,positive
post27tec,technical,1,0.8671,positive
post27tec,technical,2,-0.1431,negative
post28con,controversial,1,0.5916,positive
post28con,controversial,2,0.9838,positive
post28con,controversial,3,0.8615,positive
post28con,controversial,4,0.4019,positive
post28con,controversial,3,0.1263,positive
post28con,controversial,4,0.4019,positive
post28con,controversial,3,0.0,neutral
post28tec,technical,1,-0.7506,negative
post28tec,technical,2,0.4287,positive
post28tec,technical,3,0.8711,positive
post28tec,technical,3,0.6249,positive
post28tec,technical,3,0.3612,positive
post29con,controversial,1,0.9562,positive
post29con,controversial,2,0.9539,positive
post29con,controversial,3,-0.926,negative
post29con,controversial,4,-0.2654,negative
post29con,controversial,3,0.3956,positive
post29con,controversial,2,-0.6249,negative
post29con,controversial,2,0.6936,positive
post29con,controversial,3,0.9134,positive
post29con,controversial,3,0.0,neutral
post29con,controversial,3,0.0,neutral
post29con,controversial,3,0.8319,positive
post29con,controversial,3,0.0,neutral
post29con,controversial,2,0.0772,positive
post29con,controversial,2,0.296,positive
post29con,controversial,2,0.0613,positive
post29con,controversial,2,0.0183,neutral
post29con,controversial,2,-0.2578,negative
post29con,controversial,2,-0.34,negative
post29con,controversial,3,0.4404,positive
post29con,controversial,2,0.0,neutral
post29con,controversial,2,0.9617,positive
post29con,controversial,3,0.5562,positive
post29con,controversial,2,0.9516,positive
post29con,controversial,3,0.705,positive
post29con,controversial,4,0.0516,positive
post29con,controversial,2,0.8573,positive
post29con,controversial,2,-0.5574,negative
post29con,controversial,3,-0.5106,negative
post29tec,technical,1,0.9366,positive
post29tec,technical,2,0.989,positive
post29tec,technical,3,0.6259,positive
post29tec,technical,4,0.9224,positive
post29tec,technical,3,0.7383,positive
post29tec,technical,4,-0.3182,negative
post29tec,technical,2,0.0,neutral
post29tec,technical,2,0.8932,positive
post29tec,technical,3,0.5719,positive
post2con,controversial,1,-0.9114,negative
post2con,controversial,2,0.0,neutral
post2con,controversial,2,0.7414,positive
post2con,controversial,3,0.0935,positive
post2con,controversial,4,-0.8225,negative
post2con,controversial,4,-0.7887,negative
post2con,controversial,4,0.165,positive
post2con,controversial,4,-0.1531,negative
post2con,controversial,4,0.0,neutral
post2con,controversial,3,0.6369,positive
post2con,controversial,4,0.0402,neutral
post2con,controversial,4,-0.7097,negative
post2con,controversial,4,0.0516,positive
post2con,controversial,4,0.2477,positive
post2con,controversial,4,0.0,neutral
post2con,controversial,3,-0.4047,negative
post2con,controversial,4,0.9781,positive
post2con,controversial,4,-0.5109,negative
post2con,controversial,3,-0.5629,negative
post2con,controversial,4,0.8491,positive
post2con,controversial,4,-0.5496,negative
post2con,controversial,4,0.0,neutral
post2con,controversial,4,0.7845,positive
post2con,controversial,3,-0.0018,neutral
post2con,controversial,4,-0.4367,negative
post2con,controversial,3,-0.2429,negative
post2con,controversial,3,0.5175,positive
post2con,controversial,3,-0.8334,negative
post2con,controversial,4,-0.1119,negative
post2con,controversial,3,-0.5423,negative
post2con,controversial,3,0.0,neutral
post2con,controversial,4,-0.2705,negative
post2con,controversial,3,-0.2817,negative
post2con,controversial,3,0.6124,positive
post2con,controversial,3,0.0,neutral
post2con,controversial,4,0.6249,positive
post2con,controversial,4,0.4988,positive
post2con,controversial,3,0.6062,positive
post2con,controversial,3,-0.296,negative
post2con,controversial,4,0.5096,positive
post2con,controversial,4,-0.296,negative
post2con,controversial,3,0.7623,positive
post2con,controversial,3,0.0,neutral
post2con,controversial,4,-0.4019,negative
post2con,controversial,3,0.3382,positive
post2con,controversial,3,0.2708,positive
post2con,controversial,3,-0.5689,negative
post2con,controversial,3,0.0,neutral
post2con,controversial,3,0.1862,positive
post2con,controversial,3,-0.1531,negative
post2con,controversial,3,0.653,positive
post2con,controversial,3,0.8802,positive
post2con,controversial,3,0.4276,positive
post2con,controversial,3,0.4215,positive
post2con,controversial,3,0.5146,positive
post2con,controversial,4,-0.4385,negative
post2con,controversial,3,-0.9038,negative
post2con,controversial,3,0.4329,positive
post2con,controversial,4,0.1779,positive
post2con,controversial,3,0.0612,positive
post2con,controversial,3,0.7705,positive
post2con,controversial,4,0.3527,positive
post2con,controversial,3,-0.9773,negative
post2con,controversial,3,0.7964,positive
post2con,controversial,3,0.2547,positive
post2con,controversial,2,-0.5423,negative
post2con,controversial,3,0.8321,positive
post2con,controversial,4,-0.0901,negative
post2con,controversial,3,0.0,neutral
post2con,controversial,4,0.1383,positive
post2con,controversial,3,0.0,neutral
post2con,controversial,4,0.0,neutral
post2con,controversial,3,-0.264,negative
post2con,controversial,4,0.34,positive
post2con,controversial,3,-0.3818,negative
post2con,controversial,4,-0.3182,negative
post2con,controversial,4,0.7297,positive
post2con,controversial,3,-0.9432,negative
post2con,controversial,4,-0.7964,negative
post2con,controversial,2,-0.0562,negative
post2con,controversial,3,0.9987,positive
post2con,controversial,4,0.0,neutral
post2con,controversial,4,0.8834,positive
post2con,controversial,3,-0.8539,negative
post2con,controversial,4,0.0,neutral
post2con,controversial,3,0.0,neutral
post2con,controversial,3,-0.1779,negative
post2con,controversial,4,0.8225,positive
post2con,controversial,2,-0.594,negative
post2con,controversial,3,0.965,positive
post2con,controversial,4,-0.1128,negative
post2con,controversial,3,-0.8625,negative
post2con,controversial,3,0.2234,positive
post2con,controversial,3,-0.3597,negative
post2con,controversial,4,0.4019,positive
post2con,controversial,3,-0.7444,negative
post2con,controversial,4,-0.3096,negative
post2con,controversial,2,-0.3736,negative
post2con,controversial,3,-0.4118,negative
post2con,controversial,4,0.6597,positive
post2con,controversial,3,-0.8957,negative
post2con,controversial,4,0.4404,positive
post2con,controversial,2,0.2846,positive
post2con,controversial,3,-0.2035,negative
post2con,controversial,3,-0.2732,negative
post2con,controversial,2,-0.4391,negative
post2con,controversial,2,-0.1779,negative
post2con,controversial,3,-0.9718,negative
post2con,controversial,4,-0.8074,negative
post2con,controversial,4,0.0,neutral
post2con,controversial,4,0.0,neutral
post2con,controversial,3,-0.5634,negative
post2con,controversial,4,-0.796,negative
post2con,controversial,3,-0.8481,negative
post2con,controversial,2,0.0,neutral
post2con,controversial,3,-0.7484,negative
post2con,controversial,4,0.1513,positive
post2con,controversial,4,0.0,neutral
post2con,controversial,3,-0.8594,negative
post2con,controversial,4,0.9474,positive
post2con,controversial,3,-0.7059,negative
post2con,controversial,3,-0.6187,negative
post2con,controversial,2,0.4696,positive
post2con,controversial,3,-0.1548,negative
post2con,controversial,4,0.059,positive
post2con,controversial,3,0.0096,neutral
post2con,controversial,3,0.3919,positive
post2con,controversial,3,0.4118,positive
post2con,controversial,2,0.7383,positive
post2con,controversial,3,-0.0926,negative
post2con,controversial,4,-0.9584,negative
post2con,controversial,3,-0.5583,negative
post2con,controversial,4,-0.9666,negative
post2con,controversial,2,-0.6575,negative
post2con,controversial,3,0.946,positive
post2con,controversial,4,0.9218,positive
post2con,controversial,2,0.8243,positive
post2con,controversial,3,0.9397,positive
post2con,controversial,4,0.6597,positive
post2con,controversial,2,0.4417,positive
post2con,controversial,3,0.0772,positive
post2con,controversial,4,0.5789,positive
post2con,controversial,3,0.1825,positive
post2con,controversial,4,0.4332,positive
post2con,controversial,2,-0.7409,negative
post2con,controversial,2,0.0,neutral
post2con,controversial,2,0.0,neutral
post2con,controversial,3,0.0,neutral
post2con,controversial,2,0.0,neutral
post2con,controversial,3,-0.7096,negative
post2con,controversial,2,0.1779,positive
post2con,controversial,2,-0.6966,negative
post2con,controversial,3,0.25,positive
post2con,controversial,4,-0.2406,negative
post2con,controversial,2,-0.8151,negative
post2con,controversial,2,0.0,neutral
post2con,controversial,2,-0.836,negative
post2con,controversial,2,0.644,positive
post2con,controversial,3,0.0,neutral
post2con,controversial,2,-0.3167,negative
post2con,controversial,2,0.7845,positive
post2con,controversial,2,0.6815,positive
post2con,controversial,2,0.0,neutral
post2con,controversial,2,-0.4767,negative
post2con,controversial,2,-0.6249,negative
post2con,controversial,2,-0.8387,negative
post2con,controversial,2,-0.4404,negative
post2con,controversial,2,-0.685,negative
post2con,controversial,2,0.1732,positive
post2con,controversial,2,-0.899,negative
post2con,controversial,2,-0.3506,negative
post2con,controversial,2,0.9778,positive
post2con,controversial,2,-0.9169,negative
post2con,controversial,3,0.4404,positive
post2con,controversial,2,-0.9123,negative
post2con,controversial,2,0.6124,positive
post2con,controversial,2,0.3499,positive
post2con,controversial,2,0.0,neutral
post2con,controversial,2,0.9473,positive
post2con,controversial,2,0.0,neutral
post2con,controversial,3,0.2263,positive
post2con,controversial,2,-0.8927,negative
post2con,controversial,2,0.6808,positive
post2con,controversial,2,0.7269,positive
post2con,controversial,2,-0.2263,negative
post2con,controversial,2,-0.9089,negative
post2con,controversial,2,-0.6249,negative
post2con,controversial,2,-0.1531,negative
post2con,controversial,2,0.6792,positive
post2con,controversial,2,0.0,neutral
post2con,controversial,2,0.0,neutral
post2con,controversial,2,0.6124,positive
post2con,controversial,2,0.4404,positive
post2con,controversial,2,0.0,neutral
post2con,controversial,2,0.0,neutral
post2con,controversial,2,0.4576,positive
post2con,controversial,2,-0.9923,negative
post2tec,technical,1,0.6369,positive
post2tec,technical,2,0.9736,positive
post2tec,technical,3,0.8718,positive
post2tec,technical,4,-0.739,negative
post2tec,technical,2,0.2732,positive
post2tec,technical,3,0.6754,positive
post2tec,technical,4,0.0,neutral
post2tec,technical,2,0.8027,positive
post30con,controversial,1,0.4404,positive
post30con,controversial,2,0.2846,positive
post30con,controversial,3,0.8438,positive
post30con,controversial,4,0.8834,positive
post30con,controversial,3,0.5661,positive
post30tec,technical,1,0.9092,positive
post30tec,technical,2,0.8271,positive
post30tec,technical,3,0.9628,positive
post30tec,technical,4,0.7459,positive
post30tec,technical,3,0.8605,positive
post30tec,technical,4,0.8322,positive
post31con,controversial,1,0.0,neutral
post31con,controversial,2,-0.5659,negative
post31con,controversial,3,-0.1406,negative
post31con,controversial,4,-0.7096,negative
post31con,controversial,3,0.886,positive
post31con,controversial,3,0.0,neutral
post31con,controversial,4,0.3818,positive
post31con,controversial,3,0.2244,positive
post31con,controversial,3,0.787,positive
post31con,controversial,4,0.926,positive
post31con,controversial,4,-0.0772,negative
post31con,controversial,3,-0.34,negative
post31con,controversial,3,0.2617,positive
post31con,controversial,4,-0.872,negative
post31con,controversial,2,0.9178,positive
post31con,controversial,3,0.0,neutral
post31con,controversial,2,0.4404,positive
post31con,controversial,3,0.6003,positive
post31con,controversial,4,0.5023,positive
post31con,controversial,3,-0.5448,negative
post31con,controversial,4,0.5705,positive
post31con,controversial,4,0.0,neutral
post31con,controversial,2,0.9178,positive
post31tec,technical,1,0.9978,positive
post31tec,technical,2,0.949,positive
post31tec,technical,2,0.6124,positive
post31tec,technical,3,0.9427,positive
post31tec,technical,4,0.4404,positive
post31tec,technical,4,0.4386,positive
post32con,controversial,1,0.0352,neutral
post32con,controversial,2,-0.1531,negative
post32con,controversial,3,-0.8126,negative
post32con,controversial,4,0.5598,positive
post32con,controversial,4,0.5267,positive
post32con,controversial,4,0.0,neutral
post32con,controversial,2,-0.9823,negative
post32con,controversial,3,0.1711,positive
post32con,controversial,3,0.0,neutral
post32con,controversial,4,0.7748,positive
post32con,controversial,3,-0.9098,negative
post32con,controversial,4,-0.9701,negative
post32con,controversial,2,0.0,neutral
post32con,controversial,3,-0.3925,negative
post32con,controversial,2,0.128,positive
post32con,controversial,3,0.0,neutral
post32con,controversial,4,-0.2827,negative
post32con,controversial,2,0.0,neutral
post32tec,technical,1,0.8481,positive
post32tec,technical,2,0.2168,positive
post32tec,technical,3,0.8883,positive
post32tec,technical,4,0.0387,neutral
post33con,controversial,1,-0.5994,negative
post33con,controversial,2,-0.2263,negative
post33con,controversial,3,0.0,neutral
post33con,controversial,4,0.0,neutral
post33con,controversial,4,0.5023,positive
post33con,controversial,3,-0.5859,negative
post33con,controversial,3,0.0,neutral
post33con,controversial,3,0.0,neutral
post33con,controversial,2,0.4404,positive
post33con,controversial,2,-0.1531,negative
post33con,controversial,3,-0.4588,negative
post33con,controversial,2,0.0,neutral
post33con,controversial,2,0.2177,positive
post33con,controversial,2,-0.0516,negative
post33con,controversial,2,-0.5484,negative
post33con,controversial,2,0.6705,positive
post33con,controversial,3,-0.5106,negative
post33con,controversial,4,-0.2263,negative
post33con,controversial,2,0.3818,positive
post33con,controversial,2,0.743,positive
post33con,controversial,3,0.1531,positive
post33con,controversial,3,-0.6052,negative
post33con,controversial,4,0.9403,positive
post33con,controversial,2,0.4404,positive
post33con,controversial,2,-0.4767,negative
post33con,controversial,2,-0.296,negative
post33con,controversial,3,0.5719,positive
post33con,controversial,4,-0.2732,negative
post33tec,technical,1,0.9889,positive
post33tec,technical,2,0.69,positive
post33tec,technical,3,0.578,positive
post33tec,technical,4,0.0,neutral
post33tec,technical,4,0.0,neutral
post33tec,technical,2,0.9533,positive
post33tec,technical,3,0.9366,positive
post34con,controversial,1,0.0,neutral
post34con,controversial,2,0.9792,positive
post34con,controversial,3,0.4215,positive
post34con,controversial,4,0.3839,positive
post34con,controversial,4,-0.296,negative
post34con,controversial,3,0.0,neutral
post34con,controversial,3,0.0,neutral
post34con,controversial,2,0.0,neutral
post34tec,technical,1,0.7264,positive
post34tec,technical,2,0.6249,positive
post35con,controversial,1,0.1685,positive
post35con,controversial,2,0.0,neutral
post35con,controversial,3,0.0,neutral
post35con,controversial,4,0.0,neutral
post35con,controversial,4,0.0,neutral
post35con,controversial,3,0.25,positive
post35con,controversial,2,0.3612,positive
post35con,controversial,3,0.3167,positive
post35con,controversial,4,0.0,neutral
post35con,controversial,3,-0.2411,negative
post35con,controversial,3,0.0,neutral
post35con,controversial,2,0.0,neutral
post35con,controversial,3,0.4019,positive
post35con,controversial,2,0.0,neutral
post35con,controversial,3,0.8631,positive
post35con,controversial,4,0.0,neutral
post35con,controversial,2,-0.34,negative
post35con,controversial,2,0.0,neutral
post35con,controversial,3,-0.8779,negative
post35con,controversial,3,0.2023,positive
post35con,controversial,4,0.0,neutral
post35con,controversial,3,-0.775,negative
post35tec,technical,1,0.5719,positive
post35tec,technical,2,0.8299,positive
post35tec,technical,3,0.0,neutral
post35tec,technical,4,0.9034,positive
post35tec,technical,2,0.9202,positive
post35tec,technical,2,0.0,neutral
post36con,controversial,1,-0.3116,negative
post36con,controversial,2,0.0,neutral
post36con,controversial,2,0.2263,positive
post36con,controversial,3,0.4215,positive
post36con,controversial,4,0.0,neutral
post36tec,technical,1,-0.4015,negative
post36tec,technical,2,0.4051,positive
post36tec,technical,3,0.8201,positive
post36tec,technical,4,0.296,positive
post37con,controversial,1,0.3164,positive
post37con,controversial,2,0.997,positive
post37con,controversial,3,0.4646,positive
post37con,controversial,4,0.0,neutral
post37con,controversial,4,0.0772,positive
post37con,controversial,2,0.3182,positive
post37con,controversial,3,0.4404,positive
post37con,controversial,2,0.0772,positive
post37con,controversial,3,-0.5859,negative
post37con,controversial,3,0.6705,positive
post37con,controversial,3,-0.3722,negative
post37con,controversial,4,0.4767,positive
post37con,controversial,2,0.0,neutral
post37con,controversial,3,0.802,positive
post37con,controversial,2,0.0,neutral
post37con,controversial,2,0.6204,positive
post37con,controversial,3,0.4019,positive
post37con,controversial,4,0.4754,positive
post37con,controversial,2,0.4019,positive
post37con,controversial,2,0.7126,positive
post37con,controversial,3,0.296,positive
post37con,controversial,2,0.8532,positive
post37con,controversial,2,0.7684,positive
post37con,controversial,3,-0.3595,negative
post37con,controversial,2,-0.8235,negative
post37con,controversial,2,-0.3182,negative
post37tec,technical,1,0.0,neutral
post37tec,technical,2,0.0,neutral
post37tec,technical,3,0.743,positive
post37tec,technical,4,0.8364,positive
post38tec,technical,1,0.51,positive
post38tec,technical,2,0.0,neutral
post38tec,technical,3,0.5106,positive
post39con,controversial,1,-0.8903,negative
post39con,controversial,2,0.9382,positive
post39con,controversial,3,0.8271,positive
post39con,controversial,4,0.5702,positive
post39con,controversial,2,0.5423,positive
post39tec,technical,1,0.128,positive
post39tec,technical,2,0.6908,positive
post39tec,technical,3,0.9274,positive
post39tec,technical,4,0.8186,positive
post3con,controversial,1,-0.2732,negative
post3con,controversial,2,0.3612,positive
post3con,controversial,3,-0.872,negative
post3con,controversial,4,-0.886,negative
post3con,controversial,4,-0.4767,negative
post3con,controversial,4,0.6597,positive
post3con,controversial,4,-0.5719,negative
post3con,controversial,4,0.4019,positive
post3con,controversial,4,0.4404,positive
post3con,controversial,4,0.2732,positive
post3con,controversial,4,0.7674,positive
post3con,controversial,4,-0.6249,negative
post3con,controversial,4,-0.6478,negative
post3con,controversial,3,0.0,neutral
post3con,controversial,3,-0.4404,negative
post3con,controversial,3,0.0,neutral
post3con,controversial,3,0.2732,positive
post3con,controversial,3,-0.5574,negative
post3con,controversial,2,0.47,positive
post3con,controversial,2,-0.4588,negative
post3con,controversial,2,0.0,neutral
post3con,controversial,3,0.8234,positive
post3con,controversial,4,-0.9829,negative
post3con,controversial,4,0.0,neutral
post3con,controversial,3,0.4588,positive
post3con,controversial,3,-0.5719,negative
post3con,controversial,4,0.0,neutral
post3con,controversial,2,-0.875,negative
post3con,controversial,3,0.5574,positive
post3con,controversial,2,0.0,neutral
post3con,controversial,3,0.0,neutral
post3con,controversial,2,-0.6114,negative
post3tec,technical,1,0.8689,positive
post3tec,technical,2,-0.6256,negative
post3tec,technical,3,0.6715,positive
post3tec,technical,4,0.5994,positive
post3tec,technical,3,0.5362,positive
post3tec,technical,4,0.296,positive
post40con,controversial,1,-0.128,negative
post40con,controversial,2,-0.6597,negative
post40con,controversial,3,0.0,neutral
post40con,controversial,4,-0.3182,negative
post40con,controversial,3,0.3041,positive
post40con,controversial,4,0.3699,positive
post40con,controversial,3,0.1779,positive
post40con,controversial,3,0.8658,positive
post40con,controversial,4,0.9469,positive
post40con,controversial,3,-0.5719,negative
post40con,controversial,4,0.5256,positive
post40con,controversial,2,0.4871,positive
post40con,controversial,2,0.0,neutral
post40con,controversial,2,0.1655,positive
post40tec,technical,1,0.8554,positive
post40tec,technical,2,0.9417,positive
post40tec,technical,3,0.945,positive
post40tec,technical,2,0.7297,positive
post40tec,technical,2,0.8047,positive
post40tec,technical,3,0.25,positive
post41con,controversial,1,0.9628,positive
post41con,controversial,2,0.8922,positive
post41con,controversial,3,-0.8319,negative
post41con,controversial,2,0.1027,positive
post41con,controversial,3,-0.6402,negative
post41con,controversial,4,0.9798,positive
post41tec,technical,1,0.9516,positive
post41tec,technical,2,0.8854,positive
post41tec,technical,3,0.989,positive
post41tec,technical,4,0.3753,positive
post41tec,technical,4,0.3802,positive
post41tec,technical,4,0.0,neutral
post42con,controversial,1,0.2098,positive
post42con,controversial,2,-0.7236,negative
post42con,controversial,3,0.4939,positive
post42con,controversial,4,0.4019,positive
post42tec,technical,1,0.409,positive
post42tec,technical,2,0.6124,positive
post42tec,technical,3,0.7845,positive
post43tec,technical,1,0.0,neutral
post43tec,technical,2,0.4215,positive
post43tec,technical,3,-0.4019,negative
post43tec,technical,4,-0.6461,negative
post44con,controversial,1,-0.4939,negative
post44con,controversial,2,0.1406,positive
post44con,controversial,3,-0.4033,negative
post44con,controversial,4,0.0,neutral
post44tec,technical,1,-0.7948,negative
post44tec,technical,2,-0.1779,negative
post44tec,technical,3,0.4534,positive
post44tec,technical,4,0.296,positive
post44tec,technical,2,-0.4469,negative
post44tec,technical,3,0.7571,positive
post44tec,technical,4,0.4199,positive
post44tec,technical,3,0.9694,positive
post44tec,technical,4,0.8588,positive
post45con,controversial,1,0.6124,positive
post45con,controversial,2,0.0,neutral
post45con,controversial,3,0.0,neutral
post45con,controversial,4,0.0,neutral
post45con,controversial,4,-0.9429,negative
post45con,controversial,4,0.7231,positive
post45con,controversial,4,0.7906,positive
post45con,controversial,3,-0.7202,negative
post45con,controversial,2,-0.346,negative
post45con,controversial,3,0.8312,positive
post45con,controversial,3,0.0,neutral
post45con,controversial,2,-0.7184,negative
post45con,controversial,2,-0.5388,negative
post45con,controversial,2,0.9831,positive
post45con,controversial,3,0.3716,positive
post45con,controversial,4,0.965,positive
post45con,controversial,2,0.5267,positive
post45con,controversial,2,0.7574,positive
post45con,controversial,2,0.8674,positive
post45con,controversial,2,0.93,positive
post45con,controversial,2,0.9337,positive
post45con,controversial,2,-0.6467,negative
post45con,controversial,3,-0.8211,negative
post45con,controversial,4,-0.6908,negative
post45con,controversial,4,0.3612,positive
post45con,controversial,3,0.2244,positive
post45con,controversial,4,-0.6214,negative
post45tec,technical,1,0.0387,neutral
post45tec,technical,2,0.5423,positive
post45tec,technical,2,0.0,neutral
post45tec,technical,3,0.6522,positive
post45tec,technical,4,0.4389,positive
post46con,controversial,1,-0.0202,neutral
post46con,controversial,2,0.5641,positive
post46con,controversial,3,-0.296,negative
post46con,controversial,4,0.4019,positive
post46con,controversial,2,-0.3412,negative
post46con,controversial,3,0.1012,positive
post46con,controversial,2,-0.1243,negative
post46con,controversial,3,0.6476,positive
post46con,controversial,4,0.0,neutral
post46tec,technical,1,0.7743,positive
post46tec,technical,2,0.0772,positive
post46tec,technical,3,0.2006,positive
post46tec,technical,3,0.0,neutral
post46tec,technical,4,-0.9159,negative
post46tec,technical,2,0.8462,positive
post46tec,technical,3,0.875,positive
post47con,controversial,1,0.8674,positive
post47con,controversial,2,-0.0356,neutral
post47con,controversial,3,0.6555,positive
post47con,controversial,4,0.6428,positive
post47con,controversial,4,0.0883,positive
post47con,controversial,4,0.4588,positive
post47con,controversial,3,-0.2732,negative
post47con,controversial,2,-0.1531,negative
post47con,controversial,3,-0.7978,negative
post47con,controversial,4,0.0,neutral
post47con,controversial,4,-0.0736,negative
post47con,controversial,4,0.0,neutral
post47con,controversial,4,-0.2748,negative
post47con,controversial,3,0.0,neutral
post47con,controversial,3,0.4497,positive
post47con,controversial,4,0.3182,positive
post47con,controversial,3,-0.7355,negative
post47con,controversial,3,0.0,neutral
post47con,controversial,2,0.7592,positive
post47con,controversial,3,0.8122,positive
post47con,controversial,2,0.5371,positive
post47con,controversial,3,0.743,positive
post47con,controversial,4,-0.0258,neutral
post47con,controversial,4,0.5012,positive
post47con,controversial,4,-0.6908,negative
post47con,controversial,2,0.0,neutral
post47con,controversial,3,0.0,neutral
post47con,controversial,3,0.2263,positive
post47con,controversial,4,0.0,neutral
post47con,controversial,4,0.6369,positive
post47con,controversial,4,0.4549,positive
post47con,controversial,4,-0.1027,negative
post47con,controversial,4,-0.123,negative
post47con,controversial,4,0.0,neutral
post47con,controversial,4,-0.3182,negative
post47con,controversial,2,-0.1027,negative
post47con,controversial,3,0.4019,positive
post47con,controversial,2,-0.7066,negative
post47con,controversial,3,0.8221,positive
post47con,controversial,2,0.743,positive
post47con,controversial,3,-0.2572,negative
post47con,controversial,4,0.0,neutral
post47con,controversial,2,0.5198,positive
post47con,controversial,2,-0.9001,negative
post47con,controversial,2,0.2105,positive
post47con,controversial,2,0.0,neutral
post47con,controversial,2,-0.1635,negative
post47con,controversial,2,0.0,neutral
post47con,controversial,2,-0.9207,negative
post47con,controversial,2,0.4019,positive
post47con,controversial,2,-0.2263,negative
post47con,controversial,2,-0.1725,negative
post47con,controversial,2,0.3291,positive
post47con,controversial,3,0.3612,positive
post47con,controversial,2,0.3612,positive
post47con,controversial,2,0.0,neutral
post47con,controversial,3,0.5984,positive
post47con,controversial,4,0.3182,positive
post47con,controversial,2,0.0,neutral
post47con,controversial,2,-0.5346,negative
post47con,controversial,3,0.2187,positive
post47con,controversial,2,-0.5267,negative
post47con,controversial,2,-0.5998,negative
post47tec,technical,1,0.409,positive
post47tec,technical,2,0.6124,positive
post47tec,technical,3,0.7845,positive
post48con,controversial,1,-0.274,negative
post48con,controversial,2,-0.8799,negative
post48con,controversial,3,0.7645,positive
post48con,controversial,3,0.0,neutral
post48con,controversial,3,0.3796,positive
post48con,controversial,4,0.803,positive
post48con,controversial,3,0.0,neutral
post48con,controversial,4,-0.7935,negative
post48con,controversial,4,-0.296,negative
post48con,controversial,2,-0.0603,negative
post48con,controversial,2,-0.2732,negative
post48con,controversial,3,0.6124,positive
post48con,controversial,3,-0.1154,negative
post48con,controversial,4,0.3906,positive
post48con,controversial,3,-0.0516,negative
post48con,controversial,4,-0.1154,negative
post48con,controversial,3,0.9655,positive
post48con,controversial,3,0.0,neutral
post48con,controversial,4,0.0,neutral
post48con,controversial,4,0.6553,positive
post48con,controversial,2,-0.1027,negative
post48con,controversial,2,0.0,neutral
post48con,controversial,2,-0.899,negative
post48con,controversial,3,-0.6705,negative
post48con,controversial,2,0.128,positive
post48con,controversial,2,-0.7974,negative
post48con,controversial,3,-0.7184,negative
post48con,controversial,4,0.4926,positive
post48tec,technical,1,0.0,neutral
post48tec,technical,2,-0.7579,negative
post48tec,technical,3,0.0,neutral
post48tec,technical,4,0.7269,positive
post49con,controversial,1,-0.7269,negative
post49con,controversial,2,-0.8342,negative
post49con,controversial,3,-0.9236,negative
post49con,controversial,4,-0.8911,negative
post49tec,technical,1,0.7777,positive
post49tec,technical,2,0.0,neutral
post49tec,technical,2,0.0,neutral
post49tec,technical,3,0.6893,positive
post49tec,technical,4,0.0,neutral
post49tec,technical,4,0.0,neutral
post4con,controversial,1,-0.128,negative
post4con,controversial,2,0.0,neutral
post4con,controversial,3,0.0,neutral
post4con,controversial,2,-0.0395,neutral
post4con,controversial,3,-0.759,negative
post4con,controversial,4,-0.1027,negative
post4con,controversial,4,-0.3603,negative
post4con,controversial,4,-0.5168,negative
post4con,controversial,2,-0.5859,negative
post4con,controversial,3,-0.7269,negative
post4con,controversial,2,-0.3818,negative
post4con,controversial,2,0.8885,positive
post4con,controversial,2,0.0,neutral
post4tec,technical,1,0.5487,positive
post4tec,technical,2,-0.0983,negative
post50con,controversial,1,-0.4215,negative
post50con,controversial,2,-0.296,negative
post50con,controversial,3,0.0,neutral
post50con,controversial,4,0.0,neutral
post50con,controversial,3,0.7506,positive
post50con,controversial,4,0.3182,positive
post50con,controversial,3,0.128,positive
post50con,controversial,4,0.1779,positive
post50con,controversial,3,0.9062,positive
post50con,controversial,3,0.4939,positive
post50con,controversial,3,0.4939,positive
post50con,controversial,3,0.8906,positive
post50con,controversial,3,-0.3252,negative
post50con,controversial,3,0.0,neutral
post50con,controversial,4,0.2144,positive
post50con,controversial,3,0.0,neutral
post50con,controversial,3,0.6369,positive
post50con,controversial,3,0.4404,positive
post50con,controversial,3,0.0,neutral
post50con,controversial,4,0.7469,positive
post50con,controversial,3,-0.6115,negative
post50con,controversial,3,0.7003,positive
post50con,controversial,3,0.3612,positive
post50con,controversial,2,-0.6124,negative
post50con,controversial,3,-0.6679,negative
post50con,controversial,3,-0.25,negative
post50con,controversial,3,-0.0516,negative
post50con,controversial,4,0.4939,positive
post50con,controversial,4,0.4215,positive
post50con,controversial,4,0.0,neutral
post50con,controversial,4,0.0,neutral
post50con,controversial,2,0.5023,positive
post50con,controversial,2,-0.1779,negative
post50con,controversial,3,-0.5709,negative
post50con,controversial,2,0.0,neutral
post50con,controversial,2,0.0,neutral
post50con,controversial,2,0.0,neutral
post50tec,technical,1,0.2023,positive
post50tec,technical,2,0.0,neutral
post50tec,technical,3,0.0,neutral
post50tec,technical,4,0.0613,positive
post51con,controversial,1,0.765,positive
post51con,controversial,2,0.0,neutral
post51con,controversial,3,0.0,neutral
post51con,controversial,4,0.0,neutral
post51con,controversial,2,0.2003,positive
post51con,controversial,3,-0.296,negative
post51con,controversial,3,-0.296,negative
post52con,controversial,1,0.0,neutral
post52con,controversial,2,0.0,neutral
post52con,controversial,3,-0.5859,negative
post52con,controversial,4,0.0,neutral
post52con,controversial,4,0.4404,positive
post52con,controversial,4,0.0,neutral
post52con,controversial,3,0.0,neutral
post52con,controversial,4,0.0,neutral
post52con,controversial,2,0.0,neutral
post52con,controversial,3,-0.5423,negative
post53con,controversial,1,-0.3182,negative
post53con,controversial,2,0.6486,positive
post53con,controversial,3,-0.2728,negative
post53con,controversial,4,-0.1655,negative
post53con,controversial,4,0.316,positive
post53con,controversial,4,0.8306,positive
post53con,controversial,2,0.4812,positive
post53con,controversial,2,0.3612,positive
post53con,controversial,2,-0.101,negative
post53con,controversial,3,-0.5315,negative
post53con,controversial,2,0.1996,positive
post53con,controversial,2,0.0,neutral
post54con,controversial,1,0.4019,positive
post54con,controversial,2,0.0,neutral
post54con,controversial,3,0.3182,positive
post54con,controversial,3,-0.7876,negative
post54con,controversial,3,0.228,positive
post54con,controversial,3,0.2996,positive
post54con,controversial,4,0.1027,positive
post54con,controversial,2,-0.5563,negative
post54con,controversial,3,0.6826,positive
post54con,controversial,4,0.0,neutral
post54con,controversial,3,-0.6486,negative
post54con,controversial,4,-0.8412,negative
post54con,controversial,2,-0.2299,negative
post54con,controversial,3,0.8271,positive
post54con,controversial,4,0.0,neutral
post54con,controversial,4,-0.4588,negative
post54con,controversial,4,0.0,neutral
post54con,controversial,4,-0.0516,negative
post54con,controversial,3,0.0,neutral
post54con,controversial,4,0.4767,positive
post54con,controversial,4,0.8422,positive
post54con,controversial,4,-0.0772,negative
post54con,controversial,4,0.7737,positive
post54con,controversial,4,0.0,neutral
post54con,controversial,3,0.7132,positive
post54con,controversial,2,0.2263,positive
post54con,controversial,3,0.0,neutral
post54con,controversial,2,0.8225,positive
post54con,controversial,2,-0.7584,negative
post54con,controversial,2,0.0,neutral
post54con,controversial,2,0.4541,positive
post54con,controversial,2,0.1603,positive
post54con,controversial,3,-0.6249,negative
post54con,controversial,3,0.9738,positive
post54con,controversial,4,0.3919,positive
post54con,controversial,4,0.9715,positive
post54con,controversial,4,-0.8914,negative
post54con,controversial,2,0.5496,positive
post54con,controversial,3,-0.0547,negative
post54con,controversial,4,0.0516,positive
post54con,controversial,3,0.5834,positive
post54con,controversial,4,0.9153,positive
post54con,controversial,2,-0.4019,negative
post54con,controversial,3,0.8738,positive
post54con,controversial,4,-0.4019,negative
post54con,controversial,3,-0.3436,negative
post54con,controversial,3,0.6369,positive
post54con,controversial,4,0.2263,positive
post54con,controversial,2,0.8689,positive
post54con,controversial,2,0.3818,positive
post54con,controversial,2,-0.3477,negative
post54con,controversial,2,-0.4215,negative
post54con,controversial,3,0.7269,positive
post54con,controversial,2,0.7684,positive
post54con,controversial,2,-0.6872,negative
post54con,controversial,2,-0.799,negative
post54con,controversial,2,0.0,neutral
post54con,controversial,3,0.0,neutral
post55con,controversial,1,0.4215,positive
post55con,controversial,2,0.0,neutral
post55con,controversial,3,0.7214,positive
post55con,controversial,4,0.0,neutral
post55con,controversial,4,0.0,neutral
post55con,controversial,4,-0.4767,negative
post55con,controversial,2,0.6486,positive
post56con,controversial,1,0.0,neutral
post56con,controversial,2,0.2263,positive
post56con,controversial,2,0.0,neutral
post56con,controversial,3,0.0,neutral
post56con,controversial,4,-0.6124,negative
post56con,controversial,4,0.0,neutral
post56con,controversial,4,0.5574,positive
post56con,controversial,4,0.2732,positive
post57con,controversial,1,0.101,positive
post57con,controversial,2,0.6652,positive
post57con,controversial,3,0.8462,positive
post57con,controversial,4,0.4404,positive
post58con,controversial,1,0.6959,positive
post58con,controversial,2,0.1501,positive
post58con,controversial,3,0.3284,positive
post58con,controversial,3,0.6715,positive
post58con,controversial,4,0.9516,positive
post58con,controversial,2,0.659,positive
post59con,controversial,1,0.6771,positive
post59con,controversial,2,0.6908,positive
post59con,controversial,2,0.3089,positive
post59con,controversial,2,0.8836,positive
post59con,controversial,2,-0.9359,negative
post59con,controversial,3,-0.9126,negative
post59con,controversial,4,0.0,neutral
post59con,controversial,2,0.5574,positive
post59con,controversial,3,0.296,positive
post59con,controversial,4,0.4215,positive
post59con,controversial,3,0.0,neutral
post59con,controversial,4,0.1901,positive
post59con,controversial,4,0.8201,positive
post59con,controversial,2,0.4939,positive
post59con,controversial,3,0.1796,positive
post59con,controversial,2,0.4215,positive
post5con,controversial,1,0.0,neutral
post5con,controversial,2,0.0,neutral
post5con,controversial,3,0.0,neutral
post5con,controversial,4,-0.6478,negative
post5con,controversial,4,0.9188,positive
post5con,controversial,4,-0.7432,negative
post5con,controversial,4,0.4569,positive
post5con,controversial,4,-0.0547,negative
post5con,controversial,4,0.0387,neutral
post5con,controversial,4,0.0,neutral
post5con,controversial,4,0.6114,positive
post5con,controversial,4,0.416,positive
post5con,controversial,4,0.4094,positive
post5con,controversial,4,0.8016,positive
post5con,controversial,4,0.2023,positive
post5con,controversial,4,-0.3612,negative
post5con,controversial,4,0.0,neutral
post5con,controversial,4,0.0,neutral
post5con,controversial,4,0.0,neutral
post5con,controversial,4,0.4404,positive
post5con,controversial,4,0.0,neutral
post5con,controversial,4,0.2023,positive
post5con,controversial,4,0.34,positive
post5con,controversial,4,0.25,positive
post5con,controversial,4,0.0,neutral
post5con,controversial,4,0.1477,positive
post5con,controversial,4,0.0,neutral
post5con,controversial,4,0.765,positive
post5con,controversial,4,0.0,neutral
post5con,controversial,4,0.0,neutral
post5con,controversial,4,-0.3713,negative
post5con,controversial,3,0.9766,positive
post5con,controversial,4,0.0,neutral
post5con,controversial,4,0.2732,positive
post5con,controversial,3,-0.3182,negative
post5con,controversial,4,0.25,positive
post5con,controversial,4,-0.0836,negative
post5con,controversial,4,0.293,positive
post5con,controversial,3,0.4404,positive
post5con,controversial,4,0.4019,positive
post5con,controversial,3,-0.4588,negative
post5con,controversial,3,0.4215,positive
post5con,controversial,3,0.9695,positive
post5con,controversial,3,-0.5267,negative
post5con,controversial,3,-0.1215,negative
post5con,controversial,3,0.9012,positive
post5con,controversial,3,0.3612,positive
post5con,controversial,3,-0.9528,negative
post5con,controversial,3,0.0,neutral
post5con,controversial,3,-0.5574,negative
post5con,controversial,2,0.4215,positive
post5con,controversial,3,0.6409,positive
post5con,controversial,4,-0.34,negative
post5con,controversial,4,0.1409,positive
post5con,controversial,3,0.0,neutral
post5con,controversial,4,-0.6124,negative
post5con,controversial,4,0.0,neutral
post5con,controversial,3,0.3612,positive
post5con,controversial,3,0.0,neutral
post5con,controversial,4,-0.3412,negative
post5con,controversial,3,-0.9609,negative
post5con,controversial,4,-0.6124,negative
post5con,controversial,4,0.0,neutral
post5con,controversial,4,-0.5362,negative
post5con,controversial,4,0.2263,positive
post5con,controversial,4,0.6808,positive
post5con,controversial,4,-0.2411,negative
post5con,controversial,4,0.3412,positive
post5con,controversial,3,-0.3612,negative
post5con,controversial,2,0.0258,neutral
post5con,controversial,2,-0.5106,negative
post5con,controversial,3,0.0,neutral
post5con,controversial,4,0.3291,positive
post5con,controversial,4,0.3612,positive
post5con,controversial,3,-0.1027,negative
post5con,controversial,2,-0.3612,negative
post5con,controversial,3,0.296,positive
post5con,controversial,4,0.0,neutral
post5con,controversial,2,0.0,neutral
post5con,controversial,2,0.3612,positive
post5con,controversial,2,-0.3597,negative
post5con,controversial,2,-0.3412,negative
post5con,controversial,2,-0.7964,negative
post5con,controversial,2,0.0,neutral
post5con,controversial,2,0.0,neutral
post5con,controversial,2,0.0,neutral
post5con,controversial,2,-0.2617,negative
post5con,controversial,2,-0.8074,negative
post5tec,technical,1,0.7644,positive
post5tec,technical,2,0.8805,positive
post5tec,technical,3,0.0,neutral
post6con,controversial,1,-0.9197,negative
post6con,controversial,2,0.9428,positive
post6con,controversial,3,0.6745,positive
post6con,controversial,3,0.6355,positive
post6con,controversial,4,-0.899,negative
post6con,controversial,2,0.6818,positive
post6con,controversial,3,0.8119,positive
post6con,controversial,4,0.4767,positive
post6con,controversial,4,0.4404,positive
post6con,controversial,2,0.3462,positive
post6con,controversial,2,-0.7812,negative
post6con,controversial,3,-0.6249,negative
post6con,controversial,2,0.8796,positive
post6con,controversial,3,-0.2091,negative
post6con,controversial,4,-0.5362,negative
post6con,controversial,3,-0.38,negative
post6con,controversial,4,0.9186,positive
post6con,controversial,3,0.9548,positive
post6con,controversial,4,0.4215,positive
post6con,controversial,3,0.0,neutral
post6con,controversial,4,-0.8393,negative
post6con,controversial,2,0.6987,positive
post6con,controversial,3,0.0,neutral
post6con,controversial,4,0.0,neutral
post6con,controversial,4,-0.9337,negative
post6con,controversial,2,-0.4666,negative
post6con,controversial,3,0.0,neutral
post6con,controversial,2,-0.886,negative
post6con,controversial,2,0.3612,positive
post6tec,technical,1,0.5672,positive
post6tec,technical,2,0.4588,positive
post6tec,technical,3,0.0,neutral
post6tec,technical,4,0.0,neutral
post7con,controversial,1,0.3695,positive
post7con,controversial,2,-0.0181,neutral
post7con,controversial,2,0.7524,positive
post7con,controversial,3,-0.4588,negative
post7con,controversial,4,0.3164,positive
post7con,controversial,4,0.4019,positive
post7con,controversial,3,0.0,neutral
post7con,controversial,4,-0.4926,negative
post7con,controversial,4,0.0258,neutral
post7tec,technical,1,0.7992,positive
post7tec,technical,2,-0.2382,negative
post7tec,technical,3,-0.3343,negative
post7tec,technical,2,0.2168,positive
post7tec,technical,3,0.9459,positive
post7tec,technical,4,0.1901,positive
post8con,controversial,1,0.3612,positive
post8con,controversial,2,-0.7906,negative
post8con,controversial,3,-0.6124,negative
post8con,controversial,2,0.0,neutral
post8con,controversial,3,0.4588,positive
post8con,controversial,4,0.4199,positive
post8con,controversial,4,0.0,neutral
post8con,controversial,3,0.2714,positive
post8con,controversial,2,0.0,neutral
post8con,controversial,3,0.0,neutral
post8con,controversial,2,0.6369,positive
post8con,controversial,2,0.7906,positive
post8con,controversial,2,0.0,neutral
post8con,controversial,2,0.0,neutral
post8con,controversial,2,-0.4497,negative
post8con,controversial,2,0.8674,positive
post8con,controversial,3,0.7414,positive
post8con,controversial,2,0.4588,positive
post8con,controversial,2,0.0,neutral
post8con,controversial,2,0.0,neutral
post8con,controversial,2,0.0,neutral
post8con,controversial,2,0.3612,positive
post8tec,technical,1,-0.2815,negative
post8tec,technical,2,0.5487,positive
post8tec,technical,3,0.9357,positive
post8tec,technical,4,0.0,neutral
post8tec,technical,4,0.0,neutral
post8tec,technical,4,0.0,neutral
post8tec,technical,3,0.0,neutral
post8tec,technical,3,0.1531,positive
post8tec,technical,4,0.0,neutral
post8tec,technical,4,-0.6486,negative
post8tec,technical,3,0.0,neutral
post8tec,technical,4,-0.4767,negative
post8tec,technical,2,0.7627,positive
post8tec,technical,3,-0.2985,negative
post8tec,technical,4,-0.4019,negative
post8tec,technical,3,0.0,neutral
post8tec,technical,4,0.0,neutral
post8tec,technical,2,-0.6743,negative
post8tec,technical,2,0.0,neutral
post8tec,technical,2,-0.5423,negative
post8tec,technical,3,-0.7479,negative
post8tec,technical,4,-0.3182,negative
post8tec,technical,3,0.0,neutral
post9con,controversial,1,0.6705,positive
post9con,controversial,2,0.8334,positive
post9con,controversial,3,0.4391,positive
post9con,controversial,2,0.3612,positive
post9con,controversial,3,0.7178,positive
post9con,controversial,4,0.0,neutral
post9con,controversial,4,0.0,neutral
post9con,controversial,2,-0.7574,negative
post9con,controversial,2,0.2263,positive
post9con,controversial,3,0.0,neutral
post9con,controversial,4,0.2144,positive
post9con,controversial,3,0.8478,positive
post9con,controversial,2,0.0,neutral
post9con,controversial,2,0.5367,positive
post9con,controversial,3,-0.34,negative
post9con,controversial,4,-0.34,negative
post9con,controversial,4,0.296,positive
post9con,controversial,3,0.8126,positive
post9con,controversial,2,0.7533,positive
post9con,controversial,3,0.7351,positive
post9tec,technical,1,0.9184,positive
post9tec,technical,2,0.9861,positive
post9tec,technical,3,0.8534,positive
