post_id,conversation_type,total_comments,total_deleted,both_deleted,author_only_deleted,content_only_deleted,active_comments,deletion_percentage,max_depth,thread_title,original_count,filtered_count,removed_count,removal_percentage,original_max_depth,filtered_max_depth,content_filtering_applied,depth_cap_applied,depth_0_total,depth_0_both,depth_0_author,depth_0_content,depth_0_active,depth_1_total,depth_1_both,depth_1_author,depth_1_content,depth_1_active,depth_2_total,depth_2_both,depth_2_author,depth_2_content,depth_2_active,depth_3_total,depth_3_both,depth_3_author,depth_3_content,depth_3_active,depth_4_total,depth_4_both,depth_4_author,depth_4_content,depth_4_active,depth_5_total,depth_5_both,depth_5_author,depth_5_content,depth_5_active,depth_6_total,depth_6_both,depth_6_author,depth_6_content,depth_6_active,depth_7_total,depth_7_both,depth_7_author,depth_7_content,depth_7_active,depth_8_total,depth_8_both,depth_8_author,depth_8_content,depth_8_active,depth_9_total,depth_9_both,depth_9_author,depth_9_content,depth_9_active,depth_10_total,depth_10_both,depth_10_author,depth_10_content,depth_10_active,depth_11_total,depth_11_both,depth_11_author,depth_11_content,depth_11_active,depth_12_total,depth_12_both,depth_12_author,depth_12_content,depth_12_active,depth_13_total,depth_13_both,depth_13_author,depth_13_content,depth_13_active,depth_14_total,depth_14_both,depth_14_author,depth_14_content,depth_14_active,depth_15_total,depth_15_both,depth_15_author,depth_15_content,depth_15_active,depth_16_total,depth_16_both,depth_16_author,depth_16_content,depth_16_active,depth_17_total,depth_17_both,depth_17_author,depth_17_content,depth_17_active,depth_18_total,depth_18_both,depth_18_author,depth_18_content,depth_18_active,depth_19_total,depth_19_both,depth_19_author,depth_19_content,depth_19_active
post10con,controversial,35,6,0,6,0,29,17.14,8,Why we need more Women in AI (Content-Filtered - Full Tree),35,35,0,0.0,8,8,True,False,10,0,2,0,8,7,0,2,0,5,8,0,0,0,8,5,0,2,0,3,1,0,0,0,1,1,0,0,0,1,1,0,0,0,1,1,0,0,0,1,1,0,0,0,1,0,0,0,0,0,0,0,0,0,0,0,0,0,0,0,0,0,0,0,0,0,0,0,0,0,0,0,0,0,0,0,0,0,0,0,0,0,0,0,0,0,0,0,0,0,0,0,0,0,0,0,0,0,0,0
post10tec,technical,31,0,0,0,0,31,0.0,6,[D] Why do LLMs like InstructGPT and LLM use RL to instead of supervised learning to learn from the user-ranked examples? (Content-Filtered - Full Tree),32,31,1,3.12,6,6,True,False,11,0,0,0,11,12,0,0,0,12,4,0,0,0,4,1,0,0,0,1,1,0,0,0,1,1,0,0,0,1,1,0,0,0,1,0,0,0,0,0,0,0,0,0,0,0,0,0,0,0,0,0,0,0,0,0,0,0,0,0,0,0,0,0,0,0,0,0,0,0,0,0,0,0,0,0,0,0,0,0,0,0,0,0,0,0,0,0,0,0,0,0,0,0,0,0,0,0,0,0
post11tec,technical,8,0,0,0,0,8,0.0,1,[P] My experiments with Knowledge Distillation (Content-Filtered - Full Tree),8,8,0,0.0,1,1,True,False,4,0,0,0,4,4,0,0,0,4,0,0,0,0,0,0,0,0,0,0,0,0,0,0,0,0,0,0,0,0,0,0,0,0,0,0,0,0,0,0,0,0,0,0,0,0,0,0,0,0,0,0,0,0,0,0,0,0,0,0,0,0,0,0,0,0,0,0,0,0,0,0,0,0,0,0,0,0,0,0,0,0,0,0,0,0,0,0,0,0,0,0,0,0,0,0,0,0,0,0
post12con,controversial,115,11,0,11,0,104,9.57,4,Why are most AI voices women's voices? (Content-Filtered - Full Tree),117,115,2,1.71,4,4,True,False,70,0,7,0,63,30,0,2,0,28,9,0,1,0,8,4,0,1,0,3,2,0,0,0,2,0,0,0,0,0,0,0,0,0,0,0,0,0,0,0,0,0,0,0,0,0,0,0,0,0,0,0,0,0,0,0,0,0,0,0,0,0,0,0,0,0,0,0,0,0,0,0,0,0,0,0,0,0,0,0,0,0,0,0,0,0,0,0,0,0,0,0,0,0,0,0,0,0,0,0
post12tec,technical,18,0,0,0,0,18,0.0,3,[D] Finetuning ModernBERT is taking 3hrs (2 epochs) and 35gigs of vram. is it normal? (Content-Filtered - Full Tree),18,18,0,0.0,3,3,True,False,6,0,0,0,6,6,0,0,0,6,4,0,0,0,4,2,0,0,0,2,0,0,0,0,0,0,0,0,0,0,0,0,0,0,0,0,0,0,0,0,0,0,0,0,0,0,0,0,0,0,0,0,0,0,0,0,0,0,0,0,0,0,0,0,0,0,0,0,0,0,0,0,0,0,0,0,0,0,0,0,0,0,0,0,0,0,0,0,0,0,0,0,0,0,0,0,0,0,0,0
post13con,controversial,266,48,0,48,0,218,18.05,23,Study: Automation drives income inequality (Content-Filtered - Full Tree),267,266,1,0.37,23,23,True,False,39,0,9,0,30,36,0,5,0,31,36,0,10,0,26,34,0,2,0,32,26,0,4,0,22,19,0,2,0,17,15,0,4,0,11,9,0,1,0,8,10,0,3,0,7,8,0,0,0,8,6,0,2,0,4,5,0,0,0,5,4,0,2,0,2,2,0,0,0,2,2,0,1,0,1,2,0,0,0,2,2,0,1,0,1,2,0,0,0,2,2,0,1,0,1,2,0,0,0,2
post13tec,technical,8,0,0,0,0,8,0.0,1,[N] FlashAttention-2: Faster Attention with Better Parallelism and Work Partitioning (Content-Filtered - Full Tree),8,8,0,0.0,1,1,True,False,4,0,0,0,4,4,0,0,0,4,0,0,0,0,0,0,0,0,0,0,0,0,0,0,0,0,0,0,0,0,0,0,0,0,0,0,0,0,0,0,0,0,0,0,0,0,0,0,0,0,0,0,0,0,0,0,0,0,0,0,0,0,0,0,0,0,0,0,0,0,0,0,0,0,0,0,0,0,0,0,0,0,0,0,0,0,0,0,0,0,0,0,0,0,0,0,0,0,0,0
post14con,controversial,455,16,0,16,0,439,3.52,15,'Godfather of AI' explains how 'scary' AI will increase the wealth gap and 'make society worse' (Content-Filtered - Full Tree),473,455,18,3.81,15,15,True,False,108,0,10,0,98,92,0,3,0,89,91,0,0,0,91,61,0,2,0,59,44,0,1,0,43,20,0,0,0,20,11,0,0,0,11,11,0,0,0,11,5,0,0,0,5,3,0,0,0,3,3,0,0,0,3,2,0,0,0,2,1,0,0,0,1,1,0,0,0,1,1,0,0,0,1,1,0,0,0,1,0,0,0,0,0,0,0,0,0,0,0,0,0,0,0,0,0,0,0,0
post14tec,technical,29,1,0,1,0,28,3.45,4,[D] Discussing Apple's Deployment of a 3 Billion Parameter AI Model on the iPhone 15 Pro - How Do They Do It? (Content-Filtered - Full Tree),31,29,2,6.45,4,4,True,False,14,0,1,0,13,8,0,0,0,8,5,0,0,0,5,1,0,0,0,1,1,0,0,0,1,0,0,0,0,0,0,0,0,0,0,0,0,0,0,0,0,0,0,0,0,0,0,0,0,0,0,0,0,0,0,0,0,0,0,0,0,0,0,0,0,0,0,0,0,0,0,0,0,0,0,0,0,0,0,0,0,0,0,0,0,0,0,0,0,0,0,0,0,0,0,0,0,0,0,0
post15con,controversial,106,9,0,9,0,97,8.49,6,Will AI help or hurt Wealth Inequality over the next 10 years? (Content-Filtered - Full Tree),108,106,2,1.85,6,6,True,False,52,0,4,0,48,17,0,3,0,14,16,0,1,0,15,6,0,0,0,6,8,0,0,0,8,5,0,1,0,4,2,0,0,0,2,0,0,0,0,0,0,0,0,0,0,0,0,0,0,0,0,0,0,0,0,0,0,0,0,0,0,0,0,0,0,0,0,0,0,0,0,0,0,0,0,0,0,0,0,0,0,0,0,0,0,0,0,0,0,0,0,0,0,0,0,0,0,0,0,0
post15tec,technical,14,0,0,0,0,14,0.0,3,[R] Sliding Window Attention Training for Efficient LLMs (Content-Filtered - Full Tree),14,14,0,0.0,3,3,True,False,6,0,0,0,6,5,0,0,0,5,2,0,0,0,2,1,0,0,0,1,0,0,0,0,0,0,0,0,0,0,0,0,0,0,0,0,0,0,0,0,0,0,0,0,0,0,0,0,0,0,0,0,0,0,0,0,0,0,0,0,0,0,0,0,0,0,0,0,0,0,0,0,0,0,0,0,0,0,0,0,0,0,0,0,0,0,0,0,0,0,0,0,0,0,0,0,0,0,0,0
post16con,controversial,92,0,0,0,0,92,0.0,8,Will AI Displace More Jobs Than It Creates? (Content-Filtered - Full Tree),93,92,1,1.08,8,8,True,False,24,0,0,0,24,20,0,0,0,20,20,0,0,0,20,8,0,0,0,8,7,0,0,0,7,6,0,0,0,6,4,0,0,0,4,2,0,0,0,2,1,0,0,0,1,0,0,0,0,0,0,0,0,0,0,0,0,0,0,0,0,0,0,0,0,0,0,0,0,0,0,0,0,0,0,0,0,0,0,0,0,0,0,0,0,0,0,0,0,0,0,0,0,0,0,0,0,0,0,0
post16tec,technical,17,0,0,0,0,17,0.0,2,Adaptive RAG: A retrieval technique to reduce LLM token cost for top-k Vector Index retrieval [R] (Content-Filtered - Full Tree),17,17,0,0.0,2,2,True,False,8,0,0,0,8,7,0,0,0,7,2,0,0,0,2,0,0,0,0,0,0,0,0,0,0,0,0,0,0,0,0,0,0,0,0,0,0,0,0,0,0,0,0,0,0,0,0,0,0,0,0,0,0,0,0,0,0,0,0,0,0,0,0,0,0,0,0,0,0,0,0,0,0,0,0,0,0,0,0,0,0,0,0,0,0,0,0,0,0,0,0,0,0,0,0,0,0,0,0,0
post17tec,technical,14,0,0,0,0,14,0.0,4,What's your opinion on a network of experts being the correct way to go? (Content-Filtered - Full Tree),15,14,1,6.67,4,4,True,False,6,0,0,0,6,3,0,0,0,3,3,0,0,0,3,1,0,0,0,1,1,0,0,0,1,0,0,0,0,0,0,0,0,0,0,0,0,0,0,0,0,0,0,0,0,0,0,0,0,0,0,0,0,0,0,0,0,0,0,0,0,0,0,0,0,0,0,0,0,0,0,0,0,0,0,0,0,0,0,0,0,0,0,0,0,0,0,0,0,0,0,0,0,0,0,0,0,0,0,0
post18con,controversial,549,25,0,25,0,524,4.55,15,Avoid this company: Data Annotation (Content-Filtered - Full Tree),575,549,26,4.52,16,15,True,False,101,0,5,0,96,106,0,2,0,104,101,0,2,0,99,84,0,6,0,78,66,0,2,0,64,44,0,5,0,39,26,0,2,0,24,8,0,0,0,8,3,0,1,0,2,2,0,0,0,2,1,0,0,0,1,1,0,0,0,1,2,0,0,0,2,1,0,0,0,1,2,0,0,0,2,1,0,0,0,1,0,0,0,0,0,0,0,0,0,0,0,0,0,0,0,0,0,0,0,0
post18tec,technical,34,0,0,0,0,34,0.0,11,You Can't Call RAG Context - Current Context Coherence is Akin to 1-Shot - Is This a Confabulation of What Context is Meant to Be? (Content-Filtered - Full Tree),34,34,0,0.0,11,11,True,False,5,0,0,0,5,6,0,0,0,6,3,0,0,0,3,4,0,0,0,4,3,0,0,0,3,4,0,0,0,4,2,0,0,0,2,2,0,0,0,2,2,0,0,0,2,1,0,0,0,1,1,0,0,0,1,1,0,0,0,1,0,0,0,0,0,0,0,0,0,0,0,0,0,0,0,0,0,0,0,0,0,0,0,0,0,0,0,0,0,0,0,0,0,0,0,0,0,0,0,0
post19con,controversial,51,0,0,0,0,51,0.0,12,"CMV: OpenAIâ€™s ""ethical AI"" is a myth . Their model is racist, classist, and exploitative (Content-Filtered - Full Tree)",53,51,2,3.77,12,12,True,False,13,0,0,0,13,6,0,0,0,6,8,0,0,0,8,6,0,0,0,6,6,0,0,0,6,4,0,0,0,4,2,0,0,0,2,1,0,0,0,1,1,0,0,0,1,1,0,0,0,1,1,0,0,0,1,1,0,0,0,1,1,0,0,0,1,0,0,0,0,0,0,0,0,0,0,0,0,0,0,0,0,0,0,0,0,0,0,0,0,0,0,0,0,0,0,0,0,0,0,0
post19tec,technical,9,0,0,0,0,9,0.0,3,[R] What is Flash Attention? Explained  (Content-Filtered - Full Tree),9,9,0,0.0,3,3,True,False,4,0,0,0,4,3,0,0,0,3,1,0,0,0,1,1,0,0,0,1,0,0,0,0,0,0,0,0,0,0,0,0,0,0,0,0,0,0,0,0,0,0,0,0,0,0,0,0,0,0,0,0,0,0,0,0,0,0,0,0,0,0,0,0,0,0,0,0,0,0,0,0,0,0,0,0,0,0,0,0,0,0,0,0,0,0,0,0,0,0,0,0,0,0,0,0,0,0,0,0
post1con,controversial,400,13,0,13,0,387,3.25,21,AI generates covertly racist decisions about people based on their dialect (Content-Filtered - Full Tree),414,400,14,3.38,21,21,True,False,46,0,5,0,41,65,0,1,0,64,57,0,3,0,54,44,0,0,0,44,40,0,2,0,38,33,0,1,0,32,23,0,1,0,22,16,0,0,0,16,14,0,0,0,14,13,0,0,0,13,8,0,0,0,8,7,0,0,0,7,4,0,0,0,4,4,0,0,0,4,4,0,0,0,4,4,0,0,0,4,4,0,0,0,4,4,0,0,0,4,4,0,0,0,4,2,0,0,0,2
post1tec,technical,15,1,0,1,0,14,6.67,4,[D] How does 'self-attention' work in transformer models? (Content-Filtered - Full Tree),15,15,0,0.0,4,4,True,False,6,0,0,0,6,4,0,1,0,3,2,0,0,0,2,2,0,0,0,2,1,0,0,0,1,0,0,0,0,0,0,0,0,0,0,0,0,0,0,0,0,0,0,0,0,0,0,0,0,0,0,0,0,0,0,0,0,0,0,0,0,0,0,0,0,0,0,0,0,0,0,0,0,0,0,0,0,0,0,0,0,0,0,0,0,0,0,0,0,0,0,0,0,0,0,0,0,0,0,0
post20con,controversial,646,20,0,20,0,626,3.1,8,AI is ruinning our industry (Content-Filtered - Full Tree),657,646,11,1.67,12,8,True,False,311,0,10,0,301,108,0,4,0,104,81,0,2,0,79,67,0,2,0,65,33,0,0,0,33,22,0,1,0,21,14,0,0,0,14,7,0,1,0,6,3,0,0,0,3,0,0,0,0,0,0,0,0,0,0,0,0,0,0,0,0,0,0,0,0,0,0,0,0,0,0,0,0,0,0,0,0,0,0,0,0,0,0,0,0,0,0,0,0,0,0,0,0,0,0,0,0,0,0,0
post20tec,technical,16,0,0,0,0,16,0.0,3,Why people use RoPE instead of Alibi when buliding their models? (Content-Filtered - Full Tree),16,16,0,0.0,3,3,True,False,5,0,0,0,5,5,0,0,0,5,4,0,0,0,4,2,0,0,0,2,0,0,0,0,0,0,0,0,0,0,0,0,0,0,0,0,0,0,0,0,0,0,0,0,0,0,0,0,0,0,0,0,0,0,0,0,0,0,0,0,0,0,0,0,0,0,0,0,0,0,0,0,0,0,0,0,0,0,0,0,0,0,0,0,0,0,0,0,0,0,0,0,0,0,0,0,0,0,0,0
post21con,controversial,373,25,0,25,0,348,6.7,13,OpenAI has removed the diversity commitment web page from its site (Content-Filtered - Full Tree),388,373,15,3.87,13,13,True,False,77,0,4,0,73,78,0,5,0,73,64,0,3,0,61,60,0,5,0,55,32,0,3,0,29,21,0,1,0,20,13,0,2,0,11,7,0,0,0,7,8,0,1,0,7,4,0,0,0,4,4,0,1,0,3,3,0,0,0,3,1,0,0,0,1,1,0,0,0,1,0,0,0,0,0,0,0,0,0,0,0,0,0,0,0,0,0,0,0,0,0,0,0,0,0,0,0,0,0,0
post21tec,technical,13,0,0,0,0,13,0.0,5,"[R] Train Short, Test Long: Attention with Linear Biases Enables Input Length Extrapolation (Content-Filtered - Full Tree)",13,13,0,0.0,5,5,True,False,4,0,0,0,4,3,0,0,0,3,2,0,0,0,2,2,0,0,0,2,1,0,0,0,1,1,0,0,0,1,0,0,0,0,0,0,0,0,0,0,0,0,0,0,0,0,0,0,0,0,0,0,0,0,0,0,0,0,0,0,0,0,0,0,0,0,0,0,0,0,0,0,0,0,0,0,0,0,0,0,0,0,0,0,0,0,0,0,0,0,0,0,0,0,0,0,0,0,0,0
post22con,controversial,50,0,0,0,0,50,0.0,14,Why the Importance of Diversity in Tech Canâ€™t Be Ignored (Content-Filtered - Full Tree),50,50,0,0.0,14,14,True,False,7,0,0,0,7,8,0,0,0,8,10,0,0,0,10,5,0,0,0,5,6,0,0,0,6,4,0,0,0,4,2,0,0,0,2,1,0,0,0,1,1,0,0,0,1,1,0,0,0,1,1,0,0,0,1,1,0,0,0,1,1,0,0,0,1,1,0,0,0,1,1,0,0,0,1,0,0,0,0,0,0,0,0,0,0,0,0,0,0,0,0,0,0,0,0,0,0,0,0,0
post22tec,technical,32,0,0,0,0,32,0.0,5,Compared performance of vLLM vs SGLang on 2 Nvidia GPUs - SGLang crushes it with Data Parallelism (Content-Filtered - Full Tree),32,32,0,0.0,5,5,True,False,14,0,0,0,14,8,0,0,0,8,4,0,0,0,4,3,0,0,0,3,2,0,0,0,2,1,0,0,0,1,0,0,0,0,0,0,0,0,0,0,0,0,0,0,0,0,0,0,0,0,0,0,0,0,0,0,0,0,0,0,0,0,0,0,0,0,0,0,0,0,0,0,0,0,0,0,0,0,0,0,0,0,0,0,0,0,0,0,0,0,0,0,0,0,0,0,0,0,0,0
post23con,controversial,87,6,0,6,0,81,6.9,5,Will AI solve poverty like issues or just increase inequalities again? (Content-Filtered - Full Tree),89,87,2,2.25,5,5,True,False,42,0,3,0,39,17,0,1,0,16,15,0,1,0,14,5,0,0,0,5,6,0,1,0,5,2,0,0,0,2,0,0,0,0,0,0,0,0,0,0,0,0,0,0,0,0,0,0,0,0,0,0,0,0,0,0,0,0,0,0,0,0,0,0,0,0,0,0,0,0,0,0,0,0,0,0,0,0,0,0,0,0,0,0,0,0,0,0,0,0,0,0,0,0,0,0,0,0,0,0
post23tec,technical,81,1,0,1,0,80,1.23,9,"Sliding Window Attention support merged into llama.cpp, dramatically reducing the memory requirements for running Gemma 3 (Content-Filtered - Full Tree)",83,81,2,2.41,9,9,True,False,21,0,0,0,21,12,0,0,0,12,13,0,1,0,12,9,0,0,0,9,9,0,0,0,9,8,0,0,0,8,4,0,0,0,4,2,0,0,0,2,2,0,0,0,2,1,0,0,0,1,0,0,0,0,0,0,0,0,0,0,0,0,0,0,0,0,0,0,0,0,0,0,0,0,0,0,0,0,0,0,0,0,0,0,0,0,0,0,0,0,0,0,0,0,0,0,0,0,0,0
post24con,controversial,91,14,0,14,0,77,15.38,11,"Federal study confirms racial bias of many facial-recognition systems, casts doubt on their expanding use (Content-Filtered - Full Tree)",93,91,2,2.15,11,11,True,False,16,0,5,0,11,13,0,2,0,11,14,0,0,0,14,9,0,3,0,6,11,0,0,0,11,6,0,3,0,3,5,0,0,0,5,4,0,1,0,3,5,0,0,0,5,4,0,0,0,4,2,0,0,0,2,2,0,0,0,2,0,0,0,0,0,0,0,0,0,0,0,0,0,0,0,0,0,0,0,0,0,0,0,0,0,0,0,0,0,0,0,0,0,0,0,0,0,0,0,0
post24tec,technical,45,1,0,1,0,44,2.22,5,Beginner's guide to finetuning Llama 2 and Mistral using QLoRA (Content-Filtered - Full Tree),46,45,1,2.17,5,5,True,False,15,0,1,0,14,13,0,0,0,13,8,0,0,0,8,5,0,0,0,5,3,0,0,0,3,1,0,0,0,1,0,0,0,0,0,0,0,0,0,0,0,0,0,0,0,0,0,0,0,0,0,0,0,0,0,0,0,0,0,0,0,0,0,0,0,0,0,0,0,0,0,0,0,0,0,0,0,0,0,0,0,0,0,0,0,0,0,0,0,0,0,0,0,0,0,0,0,0,0,0
post25con,controversial,84,0,0,0,0,84,0.0,9,Your thoughts on AI bias (Content-Filtered - Full Tree),85,84,1,1.18,10,9,True,False,12,0,0,0,12,14,0,0,0,14,14,0,0,0,14,10,0,0,0,10,11,0,0,0,11,8,0,0,0,8,6,0,0,0,6,5,0,0,0,5,2,0,0,0,2,2,0,0,0,2,0,0,0,0,0,0,0,0,0,0,0,0,0,0,0,0,0,0,0,0,0,0,0,0,0,0,0,0,0,0,0,0,0,0,0,0,0,0,0,0,0,0,0,0,0,0,0,0,0,0
post25tec,technical,33,0,0,0,0,33,0.0,7,Why isnâ€™t QLoRA being used more widely for fine tuning models? (Content-Filtered - Full Tree),33,33,0,0.0,7,7,True,False,7,0,0,0,7,8,0,0,0,8,6,0,0,0,6,5,0,0,0,5,3,0,0,0,3,2,0,0,0,2,1,0,0,0,1,1,0,0,0,1,0,0,0,0,0,0,0,0,0,0,0,0,0,0,0,0,0,0,0,0,0,0,0,0,0,0,0,0,0,0,0,0,0,0,0,0,0,0,0,0,0,0,0,0,0,0,0,0,0,0,0,0,0,0,0,0,0,0,0,0
post26con,controversial,208,4,0,4,0,204,1.92,27,Do you think AI is more likely to worsen or reduce wealth inequality globally? (Content-Filtered - Full Tree),209,208,1,0.48,27,27,True,False,72,0,3,0,69,29,0,1,0,28,36,0,0,0,36,21,0,0,0,21,12,0,0,0,12,9,0,0,0,9,6,0,0,0,6,3,0,0,0,3,1,0,0,0,1,1,0,0,0,1,1,0,0,0,1,1,0,0,0,1,1,0,0,0,1,1,0,0,0,1,1,0,0,0,1,1,0,0,0,1,1,0,0,0,1,1,0,0,0,1,1,0,0,0,1,1,0,0,0,1
post26tec,technical,26,0,0,0,0,26,0.0,4,[D] List of Large Language Models to play with. (Content-Filtered - Full Tree),26,26,0,0.0,4,4,True,False,11,0,0,0,11,7,0,0,0,7,5,0,0,0,5,2,0,0,0,2,1,0,0,0,1,0,0,0,0,0,0,0,0,0,0,0,0,0,0,0,0,0,0,0,0,0,0,0,0,0,0,0,0,0,0,0,0,0,0,0,0,0,0,0,0,0,0,0,0,0,0,0,0,0,0,0,0,0,0,0,0,0,0,0,0,0,0,0,0,0,0,0,0,0,0,0,0,0,0,0
post27con,controversial,96,15,0,15,0,81,15.62,10,Rich people know what's coming. The goal of AI is to automate what humans can do. We use it every day without realizing it. (Content-Filtered - Full Tree),96,96,0,0.0,10,10,True,False,26,0,6,0,20,21,0,3,0,18,11,0,2,0,9,7,0,0,0,7,9,0,3,0,6,10,0,0,0,10,5,0,0,0,5,2,0,1,0,1,3,0,0,0,3,1,0,0,0,1,1,0,0,0,1,0,0,0,0,0,0,0,0,0,0,0,0,0,0,0,0,0,0,0,0,0,0,0,0,0,0,0,0,0,0,0,0,0,0,0,0,0,0,0,0,0,0,0,0,0
post27tec,technical,5,0,0,0,0,5,0.0,1,"Trying to understand Mirostat and Contrastive Search, and their parameters (Content-Filtered - Full Tree)",5,5,0,0.0,1,1,True,False,4,0,0,0,4,1,0,0,0,1,0,0,0,0,0,0,0,0,0,0,0,0,0,0,0,0,0,0,0,0,0,0,0,0,0,0,0,0,0,0,0,0,0,0,0,0,0,0,0,0,0,0,0,0,0,0,0,0,0,0,0,0,0,0,0,0,0,0,0,0,0,0,0,0,0,0,0,0,0,0,0,0,0,0,0,0,0,0,0,0,0,0,0,0,0,0,0,0,0,0
post28con,controversial,251,0,0,0,0,251,0.0,27,"CMV: We are close to reaching a critical threshold where most people will soon become economically obsolete in an era of automation and AI â€” if the economy won't be brought at least partially under collective ownership this will eventually cause mass poverty, even in the West (Content-Filtered - Full Tree)",254,251,3,1.18,27,27,True,False,45,0,0,0,45,25,0,0,0,25,37,0,0,0,37,36,0,0,0,36,27,0,0,0,27,19,0,0,0,19,12,0,0,0,12,12,0,0,0,12,7,0,0,0,7,5,0,0,0,5,2,0,0,0,2,2,0,0,0,2,2,0,0,0,2,2,0,0,0,2,2,0,0,0,2,2,0,0,0,2,2,0,0,0,2,2,0,0,0,2,1,0,0,0,1,1,0,0,0,1
post28tec,technical,14,0,0,0,0,14,0.0,2,"Confused about temperature, top_k, top_p, repetition_penalty, frequency_penalty, presence_penalty? Me too, until now! (Content-Filtered - Full Tree)",14,14,0,0.0,2,2,True,False,7,0,0,0,7,4,0,0,0,4,3,0,0,0,3,0,0,0,0,0,0,0,0,0,0,0,0,0,0,0,0,0,0,0,0,0,0,0,0,0,0,0,0,0,0,0,0,0,0,0,0,0,0,0,0,0,0,0,0,0,0,0,0,0,0,0,0,0,0,0,0,0,0,0,0,0,0,0,0,0,0,0,0,0,0,0,0,0,0,0,0,0,0,0,0,0,0,0,0,0
post29con,controversial,445,0,0,0,0,445,0.0,12,"Fiverr CEO to employees: ""Here is the unpleasant truth: AI is coming for your jobs. Heck, it's coming for my job too. This is a wake up call."" (Content-Filtered - Full Tree)",452,445,7,1.55,12,12,True,False,124,0,0,0,124,78,0,0,0,78,75,0,0,0,75,62,0,0,0,62,34,0,0,0,34,23,0,0,0,23,18,0,0,0,18,10,0,0,0,10,7,0,0,0,7,7,0,0,0,7,5,0,0,0,5,1,0,0,0,1,1,0,0,0,1,0,0,0,0,0,0,0,0,0,0,0,0,0,0,0,0,0,0,0,0,0,0,0,0,0,0,0,0,0,0,0,0,0,0,0
post29tec,technical,21,0,0,0,0,21,0.0,5,[R] A simple explanation of Reinforcement Learning from Human Feedback (RLHF) (Content-Filtered - Full Tree),21,21,0,0.0,5,5,True,False,4,0,0,0,4,5,0,0,0,5,5,0,0,0,5,3,0,0,0,3,2,0,0,0,2,2,0,0,0,2,0,0,0,0,0,0,0,0,0,0,0,0,0,0,0,0,0,0,0,0,0,0,0,0,0,0,0,0,0,0,0,0,0,0,0,0,0,0,0,0,0,0,0,0,0,0,0,0,0,0,0,0,0,0,0,0,0,0,0,0,0,0,0,0,0,0,0,0,0,0
post2con,controversial,847,98,0,98,0,749,11.57,12,"Robots With Flawed AI Make Sexist And Racist Decisions, Experiment Shows. ""We're at risk of creating a generation of racist and sexist robots, but people and organizations have decided it's OK to create these products without addressing the issues."" (Content-Filtered - Full Tree)",890,847,43,4.83,14,12,True,False,249,0,32,0,217,124,0,10,0,114,123,0,21,0,102,85,0,9,0,76,78,0,12,0,66,68,0,5,0,63,47,0,5,0,42,33,0,3,0,30,20,0,0,0,20,10,0,1,0,9,5,0,0,0,5,4,0,0,0,4,1,0,0,0,1,0,0,0,0,0,0,0,0,0,0,0,0,0,0,0,0,0,0,0,0,0,0,0,0,0,0,0,0,0,0,0,0,0,0,0
post2tec,technical,18,1,0,1,0,17,5.56,4,"[D] retrieval-augmented generation vs Long-context LLM, are we sure the latter will substitute the first? (Content-Filtered - Full Tree)",18,18,0,0.0,4,4,True,False,4,0,0,0,4,8,0,1,0,7,3,0,0,0,3,2,0,0,0,2,1,0,0,0,1,0,0,0,0,0,0,0,0,0,0,0,0,0,0,0,0,0,0,0,0,0,0,0,0,0,0,0,0,0,0,0,0,0,0,0,0,0,0,0,0,0,0,0,0,0,0,0,0,0,0,0,0,0,0,0,0,0,0,0,0,0,0,0,0,0,0,0,0,0,0,0,0,0,0,0
post30con,controversial,44,2,0,2,0,42,4.55,6,"CMV: Diversity, Equity, and Inclusion hiring and business practices in the workplace are wholly insufficient because neurodiversity and physique are not explicitly taken into account (Content-Filtered - Full Tree)",45,44,1,2.22,6,6,True,False,15,0,2,0,13,9,0,0,0,9,8,0,0,0,8,5,0,0,0,5,2,0,0,0,2,2,0,0,0,2,3,0,0,0,3,0,0,0,0,0,0,0,0,0,0,0,0,0,0,0,0,0,0,0,0,0,0,0,0,0,0,0,0,0,0,0,0,0,0,0,0,0,0,0,0,0,0,0,0,0,0,0,0,0,0,0,0,0,0,0,0,0,0,0,0,0,0,0,0,0
post30tec,technical,11,1,0,1,0,10,9.09,4,"[D] Can Direct Preference Optimization (DPO) be used to replace any type of RL for LLMs, or is it better suited for just scenarios like RLHF? (Content-Filtered - Full Tree)",11,11,0,0.0,4,4,True,False,4,0,0,0,4,2,0,0,0,2,2,0,1,0,1,2,0,0,0,2,1,0,0,0,1,0,0,0,0,0,0,0,0,0,0,0,0,0,0,0,0,0,0,0,0,0,0,0,0,0,0,0,0,0,0,0,0,0,0,0,0,0,0,0,0,0,0,0,0,0,0,0,0,0,0,0,0,0,0,0,0,0,0,0,0,0,0,0,0,0,0,0,0,0,0,0,0,0,0,0
post31con,controversial,172,3,0,3,0,169,1.74,8,"Google tells employees why itâ€™s ending diversity, equity, and inclusion (DEI) hiring goals (Content-Filtered - Full Tree)",176,172,4,2.27,8,8,True,False,54,0,1,0,53,45,0,2,0,43,31,0,0,0,31,20,0,0,0,20,8,0,0,0,8,7,0,0,0,7,5,0,0,0,5,1,0,0,0,1,1,0,0,0,1,0,0,0,0,0,0,0,0,0,0,0,0,0,0,0,0,0,0,0,0,0,0,0,0,0,0,0,0,0,0,0,0,0,0,0,0,0,0,0,0,0,0,0,0,0,0,0,0,0,0,0,0,0,0,0
post31tec,technical,12,0,0,0,0,12,0.0,4,GRPO (Group Relative Policy Optimization) explanation compared to PPO (Content-Filtered - Full Tree),12,12,0,0.0,4,4,True,False,4,0,0,0,4,4,0,0,0,4,1,0,0,0,1,2,0,0,0,2,1,0,0,0,1,0,0,0,0,0,0,0,0,0,0,0,0,0,0,0,0,0,0,0,0,0,0,0,0,0,0,0,0,0,0,0,0,0,0,0,0,0,0,0,0,0,0,0,0,0,0,0,0,0,0,0,0,0,0,0,0,0,0,0,0,0,0,0,0,0,0,0,0,0,0,0,0,0,0,0
post32con,controversial,72,12,0,12,0,60,16.67,8,AI Is Detaining Sex Workers at the Borderâ€”and Youâ€™re Next (Content-Filtered - Full Tree),73,72,1,1.37,8,8,True,False,22,0,5,0,17,12,0,2,0,10,8,0,1,0,7,9,0,2,0,7,8,0,0,0,8,6,0,2,0,4,4,0,0,0,4,2,0,0,0,2,1,0,0,0,1,0,0,0,0,0,0,0,0,0,0,0,0,0,0,0,0,0,0,0,0,0,0,0,0,0,0,0,0,0,0,0,0,0,0,0,0,0,0,0,0,0,0,0,0,0,0,0,0,0,0,0,0,0,0,0
post32tec,technical,19,1,0,1,0,18,5.26,5,[D] Does RLHF really work? why do you use it? (Content-Filtered - Full Tree),19,19,0,0.0,5,5,True,False,6,0,1,0,5,4,0,0,0,4,5,0,0,0,5,2,0,0,0,2,1,0,0,0,1,1,0,0,0,1,0,0,0,0,0,0,0,0,0,0,0,0,0,0,0,0,0,0,0,0,0,0,0,0,0,0,0,0,0,0,0,0,0,0,0,0,0,0,0,0,0,0,0,0,0,0,0,0,0,0,0,0,0,0,0,0,0,0,0,0,0,0,0,0,0,0,0,0,0,0
post33con,controversial,361,28,0,28,0,333,7.76,12,"Once jobs are automated, what will be the point of immigration? (Content-Filtered - Full Tree)",370,361,9,2.43,12,12,True,False,102,0,5,0,97,72,0,9,0,63,61,0,2,0,59,45,0,4,0,41,24,0,0,0,24,16,0,2,0,14,13,0,1,0,12,10,0,3,0,7,9,0,0,0,9,6,0,2,0,4,1,0,0,0,1,1,0,0,0,1,1,0,0,0,1,0,0,0,0,0,0,0,0,0,0,0,0,0,0,0,0,0,0,0,0,0,0,0,0,0,0,0,0,0,0,0,0,0,0,0
post33tec,technical,8,0,0,0,0,8,0.0,4,"[R] preference learning: RLHF, best of n sampling, or direct preference optimization? (Content-Filtered - Full Tree)",8,8,0,0.0,4,4,True,False,1,0,0,0,1,2,0,0,0,2,2,0,0,0,2,2,0,0,0,2,1,0,0,0,1,0,0,0,0,0,0,0,0,0,0,0,0,0,0,0,0,0,0,0,0,0,0,0,0,0,0,0,0,0,0,0,0,0,0,0,0,0,0,0,0,0,0,0,0,0,0,0,0,0,0,0,0,0,0,0,0,0,0,0,0,0,0,0,0,0,0,0,0,0,0,0,0,0,0,0
post34con,controversial,383,37,0,37,0,346,9.66,15,There is no need for immigration when AI is about to destroy hundreds of Millions of Jobs. (Content-Filtered - Full Tree),399,383,16,4.01,15,15,True,False,99,0,13,0,86,88,0,12,0,76,60,0,5,0,55,40,0,5,0,35,33,0,2,0,31,21,0,0,0,21,14,0,0,0,14,8,0,0,0,8,7,0,0,0,7,3,0,0,0,3,3,0,0,0,3,3,0,0,0,3,1,0,0,0,1,1,0,0,0,1,1,0,0,0,1,1,0,0,0,1,0,0,0,0,0,0,0,0,0,0,0,0,0,0,0,0,0,0,0,0
post34tec,technical,14,0,0,0,0,14,0.0,1,Peter from Lightblue here. I'd like to share our ORPO experiments with training a multilingual Llama 3 model. We find a new simple data-based Repeated Ranking technique that can reduce training time/cost by up to 2-4x while increasing accuracy (Content-Filtered - Full Tree),15,14,1,6.67,1,1,True,False,10,0,0,0,10,4,0,0,0,4,0,0,0,0,0,0,0,0,0,0,0,0,0,0,0,0,0,0,0,0,0,0,0,0,0,0,0,0,0,0,0,0,0,0,0,0,0,0,0,0,0,0,0,0,0,0,0,0,0,0,0,0,0,0,0,0,0,0,0,0,0,0,0,0,0,0,0,0,0,0,0,0,0,0,0,0,0,0,0,0,0,0,0,0,0,0,0,0,0,0
post35con,controversial,62,1,0,1,0,61,1.61,8,How do CBP officers check phones at port of entry (Content-Filtered - Full Tree),70,62,8,11.43,9,8,True,False,14,0,0,0,14,17,0,1,0,16,12,0,0,0,12,7,0,0,0,7,3,0,0,0,3,3,0,0,0,3,3,0,0,0,3,2,0,0,0,2,1,0,0,0,1,0,0,0,0,0,0,0,0,0,0,0,0,0,0,0,0,0,0,0,0,0,0,0,0,0,0,0,0,0,0,0,0,0,0,0,0,0,0,0,0,0,0,0,0,0,0,0,0,0,0,0,0,0,0,0
post35tec,technical,13,0,0,0,0,13,0.0,5,[R] Illustrating Reinforcement Learning from Human Feedback (RLHF) (Content-Filtered - Full Tree),13,13,0,0.0,5,5,True,False,3,0,0,0,3,4,0,0,0,4,2,0,0,0,2,2,0,0,0,2,1,0,0,0,1,1,0,0,0,1,0,0,0,0,0,0,0,0,0,0,0,0,0,0,0,0,0,0,0,0,0,0,0,0,0,0,0,0,0,0,0,0,0,0,0,0,0,0,0,0,0,0,0,0,0,0,0,0,0,0,0,0,0,0,0,0,0,0,0,0,0,0,0,0,0,0,0,0,0,0
post36con,controversial,87,6,0,6,0,81,6.9,5,Will AI solve poverty like issues or just increase inequalities again? (Content-Filtered - Full Tree),89,87,2,2.25,5,5,True,False,42,0,3,0,39,17,0,1,0,16,15,0,1,0,14,5,0,0,0,5,6,0,1,0,5,2,0,0,0,2,0,0,0,0,0,0,0,0,0,0,0,0,0,0,0,0,0,0,0,0,0,0,0,0,0,0,0,0,0,0,0,0,0,0,0,0,0,0,0,0,0,0,0,0,0,0,0,0,0,0,0,0,0,0,0,0,0,0,0,0,0,0,0,0,0,0,0,0,0,0
post36tec,technical,24,0,0,0,0,24,0.0,5,Which sentence transformer is the best one for similarity search and document retrieval (Content-Filtered - Full Tree),25,24,1,4.0,5,5,True,False,8,0,0,0,8,5,0,0,0,5,4,0,0,0,4,4,0,0,0,4,2,0,0,0,2,1,0,0,0,1,0,0,0,0,0,0,0,0,0,0,0,0,0,0,0,0,0,0,0,0,0,0,0,0,0,0,0,0,0,0,0,0,0,0,0,0,0,0,0,0,0,0,0,0,0,0,0,0,0,0,0,0,0,0,0,0,0,0,0,0,0,0,0,0,0,0,0,0,0,0
post37con,controversial,88,19,0,19,0,69,21.59,5,Google urges US to update immigration rules to attract more AI talent (Content-Filtered - Full Tree),94,88,6,6.38,5,5,True,False,34,0,7,0,27,27,0,4,0,23,13,0,4,0,9,8,0,1,0,7,4,0,2,0,2,2,0,1,0,1,0,0,0,0,0,0,0,0,0,0,0,0,0,0,0,0,0,0,0,0,0,0,0,0,0,0,0,0,0,0,0,0,0,0,0,0,0,0,0,0,0,0,0,0,0,0,0,0,0,0,0,0,0,0,0,0,0,0,0,0,0,0,0,0,0,0,0,0,0,0
post37tec,technical,23,0,0,0,0,23,0.0,5,Not clear which vector database to use for large scale update (Content-Filtered - Full Tree),23,23,0,0.0,5,5,True,False,10,0,0,0,10,5,0,0,0,5,5,0,0,0,5,1,0,0,0,1,1,0,0,0,1,1,0,0,0,1,0,0,0,0,0,0,0,0,0,0,0,0,0,0,0,0,0,0,0,0,0,0,0,0,0,0,0,0,0,0,0,0,0,0,0,0,0,0,0,0,0,0,0,0,0,0,0,0,0,0,0,0,0,0,0,0,0,0,0,0,0,0,0,0,0,0,0,0,0,0
post38tec,technical,5,0,0,0,0,5,0.0,2,OpenAI vs local (sentence transformers) for embeddings - does it make a noticeable difference? (Content-Filtered - Full Tree),5,5,0,0.0,2,2,True,False,3,0,0,0,3,1,0,0,0,1,1,0,0,0,1,0,0,0,0,0,0,0,0,0,0,0,0,0,0,0,0,0,0,0,0,0,0,0,0,0,0,0,0,0,0,0,0,0,0,0,0,0,0,0,0,0,0,0,0,0,0,0,0,0,0,0,0,0,0,0,0,0,0,0,0,0,0,0,0,0,0,0,0,0,0,0,0,0,0,0,0,0,0,0,0,0,0,0,0,0
post39con,controversial,24,0,0,0,0,24,0.0,7,"CMV: Political polarization and job loss from AI are the greatest threats facing our American Republic in the coming years, but this could be turned around with a bipartisan, grassroots push to link UBI adoption with AI & robotics. (Content-Filtered - Full Tree)",24,24,0,0.0,7,7,True,False,5,0,0,0,5,5,0,0,0,5,3,0,0,0,3,3,0,0,0,3,2,0,0,0,2,3,0,0,0,3,2,0,0,0,2,1,0,0,0,1,0,0,0,0,0,0,0,0,0,0,0,0,0,0,0,0,0,0,0,0,0,0,0,0,0,0,0,0,0,0,0,0,0,0,0,0,0,0,0,0,0,0,0,0,0,0,0,0,0,0,0,0,0,0,0,0,0,0,0,0
post39tec,technical,13,0,0,0,0,13,0.0,3,This paper Eliminates Re-Ranking in RAG ðŸ¤¨ (Content-Filtered - Full Tree),13,13,0,0.0,3,3,True,False,7,0,0,0,7,3,0,0,0,3,2,0,0,0,2,1,0,0,0,1,0,0,0,0,0,0,0,0,0,0,0,0,0,0,0,0,0,0,0,0,0,0,0,0,0,0,0,0,0,0,0,0,0,0,0,0,0,0,0,0,0,0,0,0,0,0,0,0,0,0,0,0,0,0,0,0,0,0,0,0,0,0,0,0,0,0,0,0,0,0,0,0,0,0,0,0,0,0,0,0
post3con,controversial,416,36,0,36,0,380,8.65,24,"As AI tools get smarter, theyâ€™re growing more covertly racist, experts find (Content-Filtered - Full Tree)",453,416,37,8.17,25,24,True,False,79,0,7,0,72,69,0,4,0,65,46,0,2,0,44,52,0,7,0,45,42,0,1,0,41,26,0,4,0,22,26,0,5,0,21,16,0,3,0,13,10,0,2,0,8,10,0,0,0,10,9,0,1,0,8,6,0,0,0,6,3,0,0,0,3,3,0,0,0,3,2,0,0,0,2,3,0,0,0,3,2,0,0,0,2,3,0,0,0,3,3,0,0,0,3,1,0,0,0,1
post3tec,technical,35,1,0,1,0,34,2.86,5,[D] What is the motivation for parameter-efficient fine tuning if there's no significant reduction in runtime or GPU memory usage? (Content-Filtered - Full Tree),35,35,0,0.0,5,5,True,False,15,0,0,0,15,8,0,0,0,8,6,0,1,0,5,3,0,0,0,3,2,0,0,0,2,1,0,0,0,1,0,0,0,0,0,0,0,0,0,0,0,0,0,0,0,0,0,0,0,0,0,0,0,0,0,0,0,0,0,0,0,0,0,0,0,0,0,0,0,0,0,0,0,0,0,0,0,0,0,0,0,0,0,0,0,0,0,0,0,0,0,0,0,0,0,0,0,0,0,0
post40con,controversial,115,1,0,1,0,114,0.87,12,Replacing Politicians with AI May Be the Only Path to Ending Political Chaos and Bias (Content-Filtered - Full Tree),117,115,2,1.71,13,12,True,False,64,0,1,0,63,16,0,0,0,16,9,0,0,0,9,8,0,0,0,8,5,0,0,0,5,4,0,0,0,4,2,0,0,0,2,2,0,0,0,2,1,0,0,0,1,1,0,0,0,1,1,0,0,0,1,1,0,0,0,1,1,0,0,0,1,0,0,0,0,0,0,0,0,0,0,0,0,0,0,0,0,0,0,0,0,0,0,0,0,0,0,0,0,0,0,0,0,0,0,0
post40tec,technical,23,1,0,1,0,22,4.35,2,[D] Do you know a sub linear vector index with perfect accuracy? (Content-Filtered - Full Tree),23,23,0,0.0,2,2,True,False,13,0,1,0,12,6,0,0,0,6,4,0,0,0,4,0,0,0,0,0,0,0,0,0,0,0,0,0,0,0,0,0,0,0,0,0,0,0,0,0,0,0,0,0,0,0,0,0,0,0,0,0,0,0,0,0,0,0,0,0,0,0,0,0,0,0,0,0,0,0,0,0,0,0,0,0,0,0,0,0,0,0,0,0,0,0,0,0,0,0,0,0,0,0,0,0,0,0,0,0
post41con,controversial,52,2,0,2,0,50,3.85,10,Will advances in artificial intelligence make Liberal democracy obsolete? (Content-Filtered - Full Tree),52,52,0,0.0,10,10,True,False,13,0,1,0,12,11,0,1,0,10,8,0,0,0,8,5,0,0,0,5,4,0,0,0,4,2,0,0,0,2,2,0,0,0,2,2,0,0,0,2,2,0,0,0,2,2,0,0,0,2,1,0,0,0,1,0,0,0,0,0,0,0,0,0,0,0,0,0,0,0,0,0,0,0,0,0,0,0,0,0,0,0,0,0,0,0,0,0,0,0,0,0,0,0,0,0,0,0,0,0
post41tec,technical,24,0,0,0,0,24,0.0,6,We built a reranker that follows custom ranking instructions (Content-Filtered - Full Tree),24,24,0,0.0,6,6,True,False,7,0,0,0,7,6,0,0,0,6,2,0,0,0,2,4,0,0,0,4,2,0,0,0,2,2,0,0,0,2,1,0,0,0,1,0,0,0,0,0,0,0,0,0,0,0,0,0,0,0,0,0,0,0,0,0,0,0,0,0,0,0,0,0,0,0,0,0,0,0,0,0,0,0,0,0,0,0,0,0,0,0,0,0,0,0,0,0,0,0,0,0,0,0,0,0,0,0,0,0
post42con,controversial,29,1,0,1,0,28,3.45,7,Unbiased AI analysis towards 2024 Elections (Content-Filtered - Full Tree),30,29,1,3.33,7,7,True,False,9,0,1,0,8,7,0,0,0,7,4,0,0,0,4,4,0,0,0,4,1,0,0,0,1,2,0,0,0,2,1,0,0,0,1,1,0,0,0,1,0,0,0,0,0,0,0,0,0,0,0,0,0,0,0,0,0,0,0,0,0,0,0,0,0,0,0,0,0,0,0,0,0,0,0,0,0,0,0,0,0,0,0,0,0,0,0,0,0,0,0,0,0,0,0,0,0,0,0,0
post42tec,technical,6,0,0,0,0,6,0.0,2,[D] Constrained decoding as stateful navigation? (Content-Filtered - Full Tree),6,6,0,0.0,2,2,True,False,4,0,0,0,4,1,0,0,0,1,1,0,0,0,1,0,0,0,0,0,0,0,0,0,0,0,0,0,0,0,0,0,0,0,0,0,0,0,0,0,0,0,0,0,0,0,0,0,0,0,0,0,0,0,0,0,0,0,0,0,0,0,0,0,0,0,0,0,0,0,0,0,0,0,0,0,0,0,0,0,0,0,0,0,0,0,0,0,0,0,0,0,0,0,0,0,0,0,0,0
post43tec,technical,21,0,0,0,0,21,0.0,3,LLMs and Structured Output: struggling to make it work (Content-Filtered - Full Tree),21,21,0,0.0,3,3,True,False,16,0,0,0,16,3,0,0,0,3,1,0,0,0,1,1,0,0,0,1,0,0,0,0,0,0,0,0,0,0,0,0,0,0,0,0,0,0,0,0,0,0,0,0,0,0,0,0,0,0,0,0,0,0,0,0,0,0,0,0,0,0,0,0,0,0,0,0,0,0,0,0,0,0,0,0,0,0,0,0,0,0,0,0,0,0,0,0,0,0,0,0,0,0,0,0,0,0,0,0
post44con,controversial,32,2,0,2,0,30,6.25,7,Question about AI  surveillance and 4th amendment  (Content-Filtered - Full Tree),33,32,1,3.03,7,7,True,False,6,0,1,0,5,6,0,0,0,6,6,0,1,0,5,5,0,0,0,5,4,0,0,0,4,3,0,0,0,3,1,0,0,0,1,1,0,0,0,1,0,0,0,0,0,0,0,0,0,0,0,0,0,0,0,0,0,0,0,0,0,0,0,0,0,0,0,0,0,0,0,0,0,0,0,0,0,0,0,0,0,0,0,0,0,0,0,0,0,0,0,0,0,0,0,0,0,0,0,0
post44tec,technical,15,0,0,0,0,15,0.0,3,"How is ""grammar"" achieved with LLMs? (Content-Filtered - Full Tree)",15,15,0,0.0,3,3,True,False,5,0,0,0,5,3,0,0,0,3,4,0,0,0,4,3,0,0,0,3,0,0,0,0,0,0,0,0,0,0,0,0,0,0,0,0,0,0,0,0,0,0,0,0,0,0,0,0,0,0,0,0,0,0,0,0,0,0,0,0,0,0,0,0,0,0,0,0,0,0,0,0,0,0,0,0,0,0,0,0,0,0,0,0,0,0,0,0,0,0,0,0,0,0,0,0,0,0,0,0
post45con,controversial,165,2,0,2,0,163,1.21,11,AI is ruining education (Content-Filtered - Full Tree),165,165,0,0.0,11,11,True,False,49,0,1,0,48,43,0,0,0,43,26,0,1,0,25,21,0,0,0,21,12,0,0,0,12,6,0,0,0,6,2,0,0,0,2,1,0,0,0,1,1,0,0,0,1,2,0,0,0,2,1,0,0,0,1,1,0,0,0,1,0,0,0,0,0,0,0,0,0,0,0,0,0,0,0,0,0,0,0,0,0,0,0,0,0,0,0,0,0,0,0,0,0,0,0,0,0,0,0,0
post45tec,technical,21,3,0,3,0,18,14.29,4,Implementing function calling (tools) without frameworks? (Content-Filtered - Full Tree),21,21,0,0.0,4,4,True,False,9,0,0,0,9,6,0,2,0,4,4,0,1,0,3,1,0,0,0,1,1,0,0,0,1,0,0,0,0,0,0,0,0,0,0,0,0,0,0,0,0,0,0,0,0,0,0,0,0,0,0,0,0,0,0,0,0,0,0,0,0,0,0,0,0,0,0,0,0,0,0,0,0,0,0,0,0,0,0,0,0,0,0,0,0,0,0,0,0,0,0,0,0,0,0,0,0,0,0,0
post46con,controversial,106,3,0,3,0,103,2.83,15,Is AI (Chat GTP) going to make education better or worse? (Content-Filtered - Full Tree),106,106,0,0.0,15,15,True,False,30,0,3,0,27,16,0,0,0,16,13,0,0,0,13,11,0,0,0,11,5,0,0,0,5,6,0,0,0,6,6,0,0,0,6,4,0,0,0,4,4,0,0,0,4,2,0,0,0,2,2,0,0,0,2,3,0,0,0,3,1,0,0,0,1,1,0,0,0,1,1,0,0,0,1,1,0,0,0,1,0,0,0,0,0,0,0,0,0,0,0,0,0,0,0,0,0,0,0,0
post46tec,technical,30,0,0,0,0,30,0.0,4,[R] Say What You Mean: A Response to 'Let Me Speak Freely' (Content-Filtered - Full Tree),30,30,0,0.0,4,4,True,False,9,0,0,0,9,12,0,0,0,12,7,0,0,0,7,1,0,0,0,1,1,0,0,0,1,0,0,0,0,0,0,0,0,0,0,0,0,0,0,0,0,0,0,0,0,0,0,0,0,0,0,0,0,0,0,0,0,0,0,0,0,0,0,0,0,0,0,0,0,0,0,0,0,0,0,0,0,0,0,0,0,0,0,0,0,0,0,0,0,0,0,0,0,0,0,0,0,0,0,0
post47con,controversial,398,16,0,16,0,382,4.02,21,AI generates covertly racist decisions about people based on their dialect (Content-Filtered - Full Tree),414,398,16,3.86,21,21,True,False,46,0,6,0,40,65,0,2,0,63,59,0,4,0,55,41,0,0,0,41,40,0,2,0,38,32,0,1,0,31,23,0,1,0,22,16,0,0,0,16,14,0,0,0,14,13,0,0,0,13,8,0,0,0,8,7,0,0,0,7,4,0,0,0,4,4,0,0,0,4,4,0,0,0,4,4,0,0,0,4,4,0,0,0,4,4,0,0,0,4,4,0,0,0,4,2,0,0,0,2
post47tec,technical,6,0,0,0,0,6,0.0,2,[D] Constrained decoding as stateful navigation? (Content-Filtered - Full Tree),6,6,0,0.0,2,2,True,False,4,0,0,0,4,1,0,0,0,1,1,0,0,0,1,0,0,0,0,0,0,0,0,0,0,0,0,0,0,0,0,0,0,0,0,0,0,0,0,0,0,0,0,0,0,0,0,0,0,0,0,0,0,0,0,0,0,0,0,0,0,0,0,0,0,0,0,0,0,0,0,0,0,0,0,0,0,0,0,0,0,0,0,0,0,0,0,0,0,0,0,0,0,0,0,0,0,0,0,0
post48con,controversial,93,14,0,14,0,79,15.05,12,AI Can Predict People's Race From X-Ray Images (Content-Filtered - Full Tree),100,93,7,7.0,12,12,True,False,17,0,4,0,13,25,0,3,0,22,22,0,2,0,20,9,0,2,0,7,7,0,2,0,5,4,0,1,0,3,2,0,0,0,2,2,0,0,0,2,1,0,0,0,1,1,0,0,0,1,1,0,0,0,1,1,0,0,0,1,1,0,0,0,1,0,0,0,0,0,0,0,0,0,0,0,0,0,0,0,0,0,0,0,0,0,0,0,0,0,0,0,0,0,0,0,0,0,0,0
post48tec,technical,8,0,0,0,0,8,0.0,3,Building a Rule-Guided LLM That Actually Follows Instructions (Content-Filtered - Full Tree),8,8,0,0.0,3,3,True,False,5,0,0,0,5,1,0,0,0,1,1,0,0,0,1,1,0,0,0,1,0,0,0,0,0,0,0,0,0,0,0,0,0,0,0,0,0,0,0,0,0,0,0,0,0,0,0,0,0,0,0,0,0,0,0,0,0,0,0,0,0,0,0,0,0,0,0,0,0,0,0,0,0,0,0,0,0,0,0,0,0,0,0,0,0,0,0,0,0,0,0,0,0,0,0,0,0,0,0,0
post49con,controversial,34,9,0,9,0,25,26.47,9,"Racist, Sexist Robots: Prejudice in AI (Content-Filtered - Full Tree)",38,34,4,10.53,9,9,True,False,5,0,1,0,4,5,0,0,0,5,3,0,1,0,2,3,0,0,0,3,5,0,3,0,2,2,0,0,0,2,4,0,3,0,1,3,0,0,0,3,2,0,1,0,1,2,0,0,0,2,0,0,0,0,0,0,0,0,0,0,0,0,0,0,0,0,0,0,0,0,0,0,0,0,0,0,0,0,0,0,0,0,0,0,0,0,0,0,0,0,0,0,0,0,0,0,0,0,0,0
post49tec,technical,59,2,0,2,0,57,3.39,5,Dynamically Scaled RoPE further increases performance of long context LLaMA with zero fine-tuning (Content-Filtered - Full Tree),60,59,1,1.67,5,5,True,False,24,0,0,0,24,12,0,1,0,11,10,0,0,0,10,8,0,1,0,7,3,0,0,0,3,2,0,0,0,2,0,0,0,0,0,0,0,0,0,0,0,0,0,0,0,0,0,0,0,0,0,0,0,0,0,0,0,0,0,0,0,0,0,0,0,0,0,0,0,0,0,0,0,0,0,0,0,0,0,0,0,0,0,0,0,0,0,0,0,0,0,0,0,0,0,0,0,0,0,0
post4con,controversial,349,38,0,38,0,311,10.89,15,AI makes racist decisions based on dialect | Large language models strongly associated negative stereotypes with African American English (Content-Filtered - Full Tree),361,349,12,3.32,17,15,True,False,61,0,3,0,58,68,0,7,0,61,55,0,5,0,50,41,0,5,0,36,31,0,2,0,29,21,0,2,0,19,19,0,3,0,16,11,0,2,0,9,12,0,3,0,9,8,0,3,0,5,10,0,3,0,7,5,0,0,0,5,3,0,0,0,3,2,0,0,0,2,1,0,0,0,1,1,0,0,0,1,0,0,0,0,0,0,0,0,0,0,0,0,0,0,0,0,0,0,0,0
post4tec,technical,11,0,0,0,0,11,0.0,1,[D] LLM quantization advice (Content-Filtered - Full Tree),11,11,0,0.0,1,1,True,False,10,0,0,0,10,1,0,0,0,1,0,0,0,0,0,0,0,0,0,0,0,0,0,0,0,0,0,0,0,0,0,0,0,0,0,0,0,0,0,0,0,0,0,0,0,0,0,0,0,0,0,0,0,0,0,0,0,0,0,0,0,0,0,0,0,0,0,0,0,0,0,0,0,0,0,0,0,0,0,0,0,0,0,0,0,0,0,0,0,0,0,0,0,0,0,0,0,0,0,0
post50con,controversial,2713,309,0,309,0,2404,11.39,24,"AI can predict people's race from X-Ray images, and scientists are concerned (Content-Filtered - Full Tree)",2858,2713,145,5.07,24,24,True,False,501,0,70,0,431,394,0,40,0,354,399,0,42,0,357,365,0,49,0,316,311,0,37,0,274,226,0,20,0,206,169,0,16,0,153,104,0,11,0,93,75,0,12,0,63,40,0,2,0,38,26,0,4,0,22,18,0,1,0,17,17,0,2,0,15,16,0,1,0,15,14,0,1,0,13,9,0,1,0,8,8,0,0,0,8,6,0,0,0,6,2,0,0,0,2,3,0,0,0,3
post50tec,technical,18,0,0,0,0,18,0.0,4,Comparing Linear Rope Scaling vs NTK Scaling for 8K Superhot and Hermes-LLongMA-2 8K Models (Content-Filtered - Full Tree),19,18,1,5.26,4,4,True,False,8,0,0,0,8,4,0,0,0,4,2,0,0,0,2,3,0,0,0,3,1,0,0,0,1,0,0,0,0,0,0,0,0,0,0,0,0,0,0,0,0,0,0,0,0,0,0,0,0,0,0,0,0,0,0,0,0,0,0,0,0,0,0,0,0,0,0,0,0,0,0,0,0,0,0,0,0,0,0,0,0,0,0,0,0,0,0,0,0,0,0,0,0,0,0,0,0,0,0,0
post51con,controversial,169,0,0,0,0,169,0.0,17,AI is able to distinguish race based solely on chest x-ray imagery. Human doctors are not able to do the same. The linked article is entirely about hand wringing over whether AIs may be secretly racist even if humans do not give explicit racial information. (Content-Filtered - Full Tree),169,169,0,0.0,17,17,True,False,19,0,0,0,19,28,0,0,0,28,21,0,0,0,21,15,0,0,0,15,15,0,0,0,15,12,0,0,0,12,9,0,0,0,9,9,0,0,0,9,10,0,0,0,10,7,0,0,0,7,6,0,0,0,6,4,0,0,0,4,4,0,0,0,4,3,0,0,0,3,3,0,0,0,3,2,0,0,0,2,1,0,0,0,1,1,0,0,0,1,0,0,0,0,0,0,0,0,0,0
post52con,controversial,143,35,0,35,0,108,24.48,11,Anons on AI (Content-Filtered - Full Tree),155,143,12,7.74,11,11,True,False,28,0,6,0,22,32,0,11,0,21,18,0,5,0,13,18,0,2,0,16,16,0,5,0,11,9,0,1,0,8,6,0,2,0,4,5,0,1,0,4,4,0,1,0,3,3,0,1,0,2,2,0,0,0,2,2,0,0,0,2,0,0,0,0,0,0,0,0,0,0,0,0,0,0,0,0,0,0,0,0,0,0,0,0,0,0,0,0,0,0,0,0,0,0,0,0,0,0,0,0
post53con,controversial,84,4,0,4,0,80,4.76,12,[D] Ethical concerns for ML to predict race & gender (Content-Filtered - Full Tree),87,84,3,3.45,12,12,True,False,23,0,4,0,19,18,0,0,0,18,8,0,0,0,8,8,0,0,0,8,8,0,0,0,8,4,0,0,0,4,3,0,0,0,3,3,0,0,0,3,3,0,0,0,3,2,0,0,0,2,2,0,0,0,2,1,0,0,0,1,1,0,0,0,1,0,0,0,0,0,0,0,0,0,0,0,0,0,0,0,0,0,0,0,0,0,0,0,0,0,0,0,0,0,0,0,0,0,0,0
post54con,controversial,218,2,0,2,0,216,0.92,14,"One of the most cited AI models used to scan chest x-rays doesnâ€™t accurately detect potentially life-threatening diseases in women & Black people. Black women fell to the bottom, with the AI not detecting disease in half of them for conditions such as cardiomegaly, or enlargement of the heart. (Content-Filtered - Full Tree)",221,218,3,1.36,14,14,True,False,27,0,1,0,26,46,0,1,0,45,35,0,0,0,35,30,0,0,0,30,24,0,0,0,24,16,0,0,0,16,12,0,0,0,12,11,0,0,0,11,7,0,0,0,7,3,0,0,0,3,3,0,0,0,3,1,0,0,0,1,1,0,0,0,1,1,0,0,0,1,1,0,0,0,1,0,0,0,0,0,0,0,0,0,0,0,0,0,0,0,0,0,0,0,0,0,0,0,0,0
post55con,controversial,154,23,0,23,0,131,14.94,9,"AI Can Guess Your Race Based On X-Rays, and Researchers Don't Know How (Content-Filtered - Full Tree)",166,154,12,7.23,10,9,True,False,25,0,5,0,20,30,0,3,0,27,27,0,5,0,22,24,0,4,0,20,19,0,3,0,16,16,0,2,0,14,8,0,0,0,8,3,0,1,0,2,1,0,0,0,1,1,0,0,0,1,0,0,0,0,0,0,0,0,0,0,0,0,0,0,0,0,0,0,0,0,0,0,0,0,0,0,0,0,0,0,0,0,0,0,0,0,0,0,0,0,0,0,0,0,0,0,0,0,0,0
post56con,controversial,213,31,0,31,0,182,14.55,10,"AI can tell your race from an X-ray image â€” and scientists can't figure out how. Large research team taught AI program to read scans, and it outwitted them (Content-Filtered - Full Tree)",220,213,7,3.18,10,10,True,False,56,0,6,0,50,40,0,6,0,34,34,0,4,0,30,25,0,2,0,23,12,0,2,0,10,13,0,2,0,11,11,0,3,0,8,8,0,0,0,8,5,0,3,0,2,5,0,0,0,5,4,0,3,0,1,0,0,0,0,0,0,0,0,0,0,0,0,0,0,0,0,0,0,0,0,0,0,0,0,0,0,0,0,0,0,0,0,0,0,0,0,0,0,0,0,0,0,0,0,0
post57con,controversial,163,0,0,0,0,163,0.0,7,"In an age where hiring is becoming increasingly automated, every single LLM was found to have very strong gender preferences when asked to pick identical resumes with only a gender difference (for ALL jobs) (Content-Filtered - Full Tree)",163,163,0,0.0,7,7,True,False,12,0,0,0,12,34,0,0,0,34,33,0,0,0,33,36,0,0,0,36,25,0,0,0,25,13,0,0,0,13,7,0,0,0,7,3,0,0,0,3,0,0,0,0,0,0,0,0,0,0,0,0,0,0,0,0,0,0,0,0,0,0,0,0,0,0,0,0,0,0,0,0,0,0,0,0,0,0,0,0,0,0,0,0,0,0,0,0,0,0,0,0,0,0,0,0,0,0,0,0
post58con,controversial,39,2,0,2,0,37,5.13,4,0-500 Days HRT & AI Gender Analysis (Content-Filtered - Full Tree),39,39,0,0.0,4,4,True,False,17,0,1,0,16,11,0,0,0,11,6,0,0,0,6,4,0,1,0,3,1,0,0,0,1,0,0,0,0,0,0,0,0,0,0,0,0,0,0,0,0,0,0,0,0,0,0,0,0,0,0,0,0,0,0,0,0,0,0,0,0,0,0,0,0,0,0,0,0,0,0,0,0,0,0,0,0,0,0,0,0,0,0,0,0,0,0,0,0,0,0,0,0,0,0,0,0,0,0,0
post59con,controversial,119,7,0,7,0,112,5.88,6,How Apple Fell Behind in the AI Arms Race (Content-Filtered - Full Tree),122,119,3,2.46,6,6,True,False,31,0,3,0,28,32,0,4,0,28,25,0,0,0,25,17,0,0,0,17,10,0,0,0,10,3,0,0,0,3,1,0,0,0,1,0,0,0,0,0,0,0,0,0,0,0,0,0,0,0,0,0,0,0,0,0,0,0,0,0,0,0,0,0,0,0,0,0,0,0,0,0,0,0,0,0,0,0,0,0,0,0,0,0,0,0,0,0,0,0,0,0,0,0,0,0,0,0,0,0
post5con,controversial,1269,183,0,183,0,1086,14.42,16,Facial recognition can't tell black and brown people apart - but the police are using it anyway (Content-Filtered - Full Tree),1316,1269,47,3.57,17,16,True,False,310,0,49,0,261,199,0,33,0,166,179,0,24,0,155,142,0,23,0,119,127,0,13,0,114,104,0,11,0,93,66,0,8,0,58,49,0,7,0,42,22,0,3,0,19,21,0,4,0,17,16,0,2,0,14,10,0,2,0,8,9,0,2,0,7,7,0,1,0,6,4,0,0,0,4,3,0,1,0,2,1,0,0,0,1,0,0,0,0,0,0,0,0,0,0,0,0,0,0,0
post5tec,technical,7,0,0,0,0,7,0.0,2,[P] A Visual Guide to Mixture of Experts (MoE) in LLMs (Content-Filtered - Full Tree),7,7,0,0.0,2,2,True,False,4,0,0,0,4,2,0,0,0,2,1,0,0,0,1,0,0,0,0,0,0,0,0,0,0,0,0,0,0,0,0,0,0,0,0,0,0,0,0,0,0,0,0,0,0,0,0,0,0,0,0,0,0,0,0,0,0,0,0,0,0,0,0,0,0,0,0,0,0,0,0,0,0,0,0,0,0,0,0,0,0,0,0,0,0,0,0,0,0,0,0,0,0,0,0,0,0,0,0,0
post6con,controversial,93,29,0,29,0,64,31.18,11,The Ethics of Policing Algorithms (Content-Filtered - Full Tree),104,93,11,10.58,11,11,True,False,12,0,3,0,9,19,0,4,0,15,23,0,5,0,18,13,0,6,0,7,6,0,3,0,3,6,0,3,0,3,4,0,1,0,3,4,0,2,0,2,2,0,0,0,2,2,0,1,0,1,1,0,0,0,1,1,0,1,0,0,0,0,0,0,0,0,0,0,0,0,0,0,0,0,0,0,0,0,0,0,0,0,0,0,0,0,0,0,0,0,0,0,0,0,0,0,0,0,0,0
post6tec,technical,33,2,0,2,0,31,6.06,10,[D] Why are Byte Pair Encoding tokenizers preferred over character level ones in LLMs? (Content-Filtered - Full Tree),33,33,0,0.0,10,10,True,False,10,0,1,0,9,9,0,0,0,9,5,0,1,0,4,1,0,0,0,1,1,0,0,0,1,1,0,0,0,1,1,0,0,0,1,1,0,0,0,1,1,0,0,0,1,2,0,0,0,2,1,0,0,0,1,0,0,0,0,0,0,0,0,0,0,0,0,0,0,0,0,0,0,0,0,0,0,0,0,0,0,0,0,0,0,0,0,0,0,0,0,0,0,0,0,0,0,0,0,0
post7con,controversial,104,5,0,5,0,99,4.81,6,I research Algorithmic Bias at Harvard. Racialized algorithms are destructive to black lives. AMA! (Content-Filtered - Full Tree),110,104,6,5.45,6,6,True,False,44,0,3,0,41,27,0,0,0,27,18,0,1,0,17,9,0,0,0,9,3,0,0,0,3,2,0,1,0,1,1,0,0,0,1,0,0,0,0,0,0,0,0,0,0,0,0,0,0,0,0,0,0,0,0,0,0,0,0,0,0,0,0,0,0,0,0,0,0,0,0,0,0,0,0,0,0,0,0,0,0,0,0,0,0,0,0,0,0,0,0,0,0,0,0,0,0,0,0,0
post7tec,technical,12,0,0,0,0,12,0.0,4,"[D] What happened to ""creative"" decoding strategy? (Content-Filtered - Full Tree)",12,12,0,0.0,4,4,True,False,4,0,0,0,4,4,0,0,0,4,2,0,0,0,2,1,0,0,0,1,1,0,0,0,1,0,0,0,0,0,0,0,0,0,0,0,0,0,0,0,0,0,0,0,0,0,0,0,0,0,0,0,0,0,0,0,0,0,0,0,0,0,0,0,0,0,0,0,0,0,0,0,0,0,0,0,0,0,0,0,0,0,0,0,0,0,0,0,0,0,0,0,0,0,0,0,0,0,0,0
post8con,controversial,249,14,0,14,0,235,5.62,8,This AI [gendered]. Never thought of it before. (Content-Filtered - Full Tree),251,249,2,0.8,9,8,True,False,126,0,11,0,115,59,0,2,0,57,24,0,1,0,23,13,0,0,0,13,9,0,0,0,9,6,0,0,0,6,5,0,0,0,5,4,0,0,0,4,3,0,0,0,3,0,0,0,0,0,0,0,0,0,0,0,0,0,0,0,0,0,0,0,0,0,0,0,0,0,0,0,0,0,0,0,0,0,0,0,0,0,0,0,0,0,0,0,0,0,0,0,0,0,0,0,0,0,0,0
post8tec,technical,86,0,0,0,0,86,0.0,12,[D] Non-deterministic behavior of LLMs when temperature is 0 (Content-Filtered - Full Tree),87,86,1,1.15,12,12,True,False,13,0,0,0,13,9,0,0,0,9,10,0,0,0,10,11,0,0,0,11,14,0,0,0,14,9,0,0,0,9,6,0,0,0,6,4,0,0,0,4,4,0,0,0,4,3,0,0,0,3,1,0,0,0,1,1,0,0,0,1,1,0,0,0,1,0,0,0,0,0,0,0,0,0,0,0,0,0,0,0,0,0,0,0,0,0,0,0,0,0,0,0,0,0,0,0,0,0,0,0
post9con,controversial,90,9,0,9,0,81,10.0,5,Why is nobody here talking about creating datasets? (Content-Filtered - Full Tree),90,90,0,0.0,5,5,True,False,31,0,3,0,28,24,0,2,0,22,17,0,2,0,15,10,0,2,0,8,7,0,0,0,7,1,0,0,0,1,0,0,0,0,0,0,0,0,0,0,0,0,0,0,0,0,0,0,0,0,0,0,0,0,0,0,0,0,0,0,0,0,0,0,0,0,0,0,0,0,0,0,0,0,0,0,0,0,0,0,0,0,0,0,0,0,0,0,0,0,0,0,0,0,0,0,0,0,0,0
post9tec,technical,6,0,0,0,0,6,0.0,2,[D] Why beam search and autoregressive models yield poor results (Content-Filtered - Full Tree),7,6,1,14.29,2,2,True,False,4,0,0,0,4,1,0,0,0,1,1,0,0,0,1,0,0,0,0,0,0,0,0,0,0,0,0,0,0,0,0,0,0,0,0,0,0,0,0,0,0,0,0,0,0,0,0,0,0,0,0,0,0,0,0,0,0,0,0,0,0,0,0,0,0,0,0,0,0,0,0,0,0,0,0,0,0,0,0,0,0,0,0,0,0,0,0,0,0,0,0,0,0,0,0,0,0,0,0,0
